word,pos,pronunciation,meaning_cn,difficulty,tags,examples
abandon,v,/əˈbændən/,放弃，抛弃,4,高频|六级|雅思,They had to abandon the project due to lack of funds.
ability,n,/əˈbɪləti/,能力，才能,3,高频|四级,She has the ability to learn languages quickly.
abroad,adv,/əˈbrɔːd/,在国外，到国外,3,高频|四级|旅行,He went abroad to study when he was eighteen.
absent,adj,/ˈæbsənt/,缺席的，不在的,3,高频|四级,Three students were absent from class today.
absolute,adj,/ˈæbsəluːt/,绝对的，完全的,4,高频|六级|雅思,There is no absolute truth in this matter.
absorb,v,/əbˈzɔːrb/,吸收，吸引,4,高频|六级,Plants absorb carbon dioxide from the air.
abstract,adj,/ˈæbstrækt/,抽象的,5,六级|托福,Beauty is an abstract concept.
academic,adj,/ˌækəˈdemɪk/,学术的,3,高频|四级,He published an academic paper on linguistics.
accept,v,/əkˈsept/,接受，承认,2,高频|四级,Please accept my apology.
access,n,/ˈækses/,通道，使用权,4,高频|六级,Students have access to the library online.
accident,n,/ˈæksɪdənt/,事故，意外,2,高频|四级,He was injured in a car accident.
accommodation,n,/əˌkɒməˈdeɪʃn/,住宿，膳宿,4,高频|六级|旅行,The hotel offers accommodation for up to 200 guests.
accompany,v,/əˈkʌmpəni/,陪伴，伴随,4,高频|六级,Children must be accompanied by an adult.
accomplish,v,/əˈkʌmplɪʃ/,完成，实现,4,高频|六级|雅思,She accomplished her goal of running a marathon.
account,n,/əˈkaʊnt/,账户，描述,3,高频|四级|商务,Please open a bank account.
accurate,adj,/ˈækjərət/,精确的，准确的,3,高频|四级|六级,The report is accurate and detailed.
achieve,v,/əˈtʃiːv/,实现，达到,3,高频|四级|雅思,He achieved great success in his career.
acknowledge,v,/əkˈnɒlɪdʒ/,承认，致谢,5,高频|六级|雅思,She acknowledged her mistake in public.
acquire,v,/əˈkwaɪər/,获得，习得,4,高频|六级|雅思,He acquired fluency in three languages.
active,adj,/ˈæktɪv/,积极的，活跃的,2,高频|四级,She is an active member of the club.
actually,adv,/ˈæktʃuəli/,实际上，事实上、实际上，事实上,2,高频,Actually  I changed my mind.
adapt,v,/əˈdæpt/,适应，改编,4,高频|六级|雅思,Children adapt quickly to new environments.
adequate,adj,/ˈædɪkwət/,足够的，充分的,4,高频|六级,His salary is adequate for a comfortable life.
adjust,v,/əˈdʒʌst/,调整，适应,3,高频|四级|六级,It takes time to adjust to a new job.
admire,v,/ədˈmaɪər/,钦佩，欣赏,3,高频|四级,I admire her courage and determination.
admit,v,/ədˈmɪt/,承认，接纳,3,高频|四级|六级,He admitted that he was wrong.
adopt,v,/əˈdɒpt/,采纳，收养,4,高频|六级,The company adopted a new policy.
advance,v/n,/ədˈvɑːns/,前进，进步,4,高频|六级|雅思,Science advances human civilization.
advantage,n,/ədˈvɑːntɪdʒ/,优势，有利条件,3,高频|四级|六级,Speaking multiple languages is a great advantage.
adventure,n,/ədˈventʃər/,冒险，奇遇,3,高频|四级|旅行,Their trip was a real adventure.
advertise,v,/ˈædvətaɪz/,广告，宣传,4,高频|六级|商务,The company advertises on social media.
advice,n,/ədˈvaɪs/,建议，忠告,2,高频|四级,Let me give you some advice.
affect,v,/əˈfekt/,影响,4,高频|六级|雅思,Weather affects our mood.
afford,v,/əˈfɔːrd/,买得起，承担得起,3,高频|四级,We can't afford a new car right now.
afraid,adj,/əˈfreɪd/,害怕的,1,高频|高考,I am afraid of heights.
agency,n,/ˈeɪdʒənsi/,代理机构,4,高频|六级|商务,She works at a travel agency.
agenda,n,/əˈdʒendə/,议程,5,高频|六级|雅思|商务,The meeting agenda was sent out yesterday.
agree,v,/əˈɡriː/,同意,1,高频|高考,I agree with your opinion.
ahead,adv,/əˈhed/,在前，向前,2,高频|四级,Go straight ahead for two blocks.
aim,n/v,/eɪm/,目标，旨在,3,高频|四级,Our aim is to provide quality education.
alarm,n,/əˈlɑːrm/,警报,3,高频|四级,The fire alarm went off suddenly.
album,n,/ˈælbəm/,相册、相册、专辑,3,高频|四级,She showed me her photo album.
alcohol,n,/ˈælkəhɒl/,酒精,4,高频|六级,He doesn't drink alcohol.
alike,adv/adj,/əˈlaɪk/,相似的,5,高频|六级,The twins look alike.
allow,v,/əˈlaʊ/,允许,2,高频|四级,Smoking is not allowed here.
almost,adv,/ˈɔːlmoʊst/,几乎,2,高频|四级,I'm almost done with the work.
alone,adj/adv,/əˈloʊn/,单独的,2,高频|四级,She lives alone in a small apartment.
alongside,prep,/əˌlɒŋˈsaɪd/,在旁边,5,高频|六级|雅思,Walk alongside the river to the bridge.
already,adv,/ɔːlˈredi/,已经,1,高频|高考,I've already finished my homework.
also,adv,/ˈɔːlsoʊ/,也,1,高频|高考,She is also a teacher.
alternative,n/adj,/ɔːlˈtɜːrnətɪv/,替代品,4,高频|六级|雅思,We need an alternative plan.
although,conj,/ɔːlˈðoʊ/,虽然、虽然,3,高频,Although it rained  we still went hiking.
amaze,v,/əˈmeɪz/,使惊奇,3,高频|四级,The view amazed everyone.
ambition,n,/æmˈbɪʃn/,雄心，抱负,5,高频|六级|雅思,She has the ambition to become a CEO.
amount,n,/əˈmaʊnt/,数量,3,高频|四级,Large amounts of water were wasted.
amuse,v,/əˈmjuːz/,使发笑,4,高频|六级,His jokes amused the audience.
analyze,v,/ˈænəlaɪz/,分析,4,高频|六级|雅思,Let's analyze the data carefully.
ancient,adj,/ˈeɪnʃənt/,古代的,3,高频|四级,Ancient civilizations built remarkable structures.
announce,v,/əˈnaʊns/,宣布,3,高频|四级|六级,The company announced its new product.
annoy,v,/əˈnɔɪ/,使烦恼,4,高频|六级,His constant questions annoyed me.
annual,adj,/ˈænjuəl/,每年的,4,高频|六级|商务,The annual conference will be held in June.
anxiety,n,/æŋˈzaɪəti/,焦虑,5,高频|六级|雅思,Many students suffer from exam anxiety.
anxious,adj,/ˈæŋkʃəs/,焦虑的,4,高频|六级,She felt anxious before the interview.
anyway,adv,/ˈeniweɪ/,无论如何、无论如何,2,高频,Anyway  let's continue the meeting.
apart,adv,/əˈpɑːrt/,分开地,3,高频|四级,The two houses are 100 meters apart.
apparent,adj,/əˈpærənt/,明显的,5,高频|六级|雅思,It became apparent that he was lying.
appeal,v/n,/əˈpiːl/,呼吁，吸引力,5,高频|六级|雅思,The idea appeals to young people.
appear,v,/əˈpɪər/,出现,2,高频|四级,Stars appear in the night sky.
appetite,n,/ˈæpɪtaɪt/,食欲,4,高频|六级,Exercise gives me a good appetite.
apply,v,/əˈplaɪ/,申请、申请、适用,3,高频|四级,She applied for the job yesterday.
appreciate,v,/əˈpriːʃieɪt/,欣赏，感激,4,高频|六级,We appreciate your help.
approach,n/v,/əˈproʊtʃ/,方法，接近,4,高频|六级|雅思,We need a different approach to the problem.
appropriate,adj,/əˈproʊpriət/,合适的,5,高频|六级|雅思,Wear appropriate clothes for the occasion.
approve,v,/əˈpruːv/,赞成，批准,4,高频|六级,The boss approved the budget.
argue,v,/ˈɑːrɡjuː/,争论,3,高频|四级,They often argue about money.
arise,v,/əˈraɪz/,出现，产生,5,高频|六级|雅思,Problems arose during the project.
arrange,v,/əˈreɪndʒ/,安排,3,高频|四级,She arranged the books on the shelf.
arrest,v,/əˈrest/,逮捕,4,高频|六级,The thief was arrested by the police.
arrival,n,/əˈraɪvəl/,到达,3,高频|四级|旅行,Please confirm your arrival time.
article,n,/ˈɑːrtɪkl/,文章、文章、物品,2,高频|四级,She wrote an article for the magazine.
artificial,adj,/ˌɑːrtɪˈfɪʃl/,人工的,5,高频|六级|雅思,Artificial intelligence is changing our lives.
ashamed,adj,/əˈʃeɪmd/,羞愧的,4,高频|六级,He felt ashamed of his behavior.
aside,adv,/əˈsaɪd/,在旁边,4,高频|六级,She stepped aside to let him pass.
aspect,n,/ˈæspekt/,方面,5,高频|六级|雅思,Consider every aspect of the issue.
assess,v,/əˈses/,评估,5,高频|六级|雅思,Teachers assess students' progress regularly.
assign,v,/əˈsaɪn/,分配、分配、指定,4,高频|六级,The teacher assigned homework to the class.
assist,v,/əˈsɪst/,帮助、帮助、协助,4,高频|六级,She assisted the manager with the report.
associate,v,/əˈsoʊʃieɪt/,联想、联想、联系,5,高频|六级|雅思,I associate summer with the beach.
assume,v,/əˈsuːm/,假设、假设、承担,4,高频|六级|雅思,Don't assume the worst.
assure,v,/əˈʃʊr/,保证,5,高频|六级|雅思,I assure you everything will be fine.
athlete,n,/ˈæθliːt/,运动员,3,高频|四级,The athlete won a gold medal.
atmosphere,n,/ˈætməsfɪər/,大气、大气、气氛,4,高频|六级,The atmosphere in the room was tense.
attach,v,/əˈtætʃ/,附上、附上、连接,4,高频|六级,Please attach the file to the email.
attack,v/n,/əˈtæk/,攻击,3,高频|四级,The dog attacked the stranger.
attempt,v/n,/əˈtempt/,尝试、尝试、企图,4,高频|六级,She made an attempt to climb the mountain.
attend,v,/əˈtend/,出席、出席、参加,3,高频|四级,Over 100 people attended the meeting.
attention,n,/əˈtenʃn/,注意、注意、关注,2,高频|四级,Pay attention to the road signs.
attitude,n,/ˈætɪtjuːd/,态度,4,高频|六级,His attitude toward work is positive.
attorney,n,/əˈtɜːrni/,律师,5,高频|六级|雅思,She hired an attorney for the case.
attract,v,/əˈtrækt/,吸引,3,高频|四级,Flowers attract bees and butterflies.
audience,n,/ˈɔːdiəns/,观众、观众、听众,3,高频|四级,The audience clapped loudly.
author,n,/ˈɔːθər/,作者,3,高频|四级,She is the author of three novels.
authority,n,/ɔːˈθɒrəti/,权威、权威、当局,5,高频|六级|雅思,He is an authority on ancient history.
automatic,adj,/ˌɔːtəˈmætɪk/,自动的,4,高频|六级,The door has an automatic sensor.
available,adj,/əˈveɪləbl/,可获得的、可获得的、有空的,3,高频|四级|六级,This product is available in stores now.
average,adj/n,/ˈævərɪdʒ/,平均的、平均的、平均,3,高频|四级,The average temperature rose by 2 degrees.
avoid,v,/əˈvɔɪd/,避免,3,高频|四级,Try to avoid junk food.
awake,adj,/əˈweɪk/,醒着的,3,高频|四级,He was still awake at midnight.
award,n/v,/əˈwɔːrd/,奖励、奖励、授予,4,高频|六级,She won an award for best actress.
aware,adj,/əˈweər/,意识到的,4,高频|六级,Are you aware of the risks?
background,n,/ˈbækɡraʊnd/,背景,3,高频|四级,His academic background is in engineering.
balance,n/v,/ˈbæləns/,平衡,4,高频|六级,Try to balance work and life.
bargain,n/v,/ˈbɑːrɡən/,便宜货、便宜货、讨价还价,4,高频|六级|旅行,I got this shirt at a bargain price.
basic,adj,/ˈbeɪsɪk/,基本的,2,高频|四级,Learning basic grammar is important.
beauty,n,/ˈbjuːti/,美丽,3,高频|四级,The beauty of nature inspires artists.
behave,v,/bɪˈheɪv/,行为、行为、举止,3,高频|四级,Children should behave well in public.
behavior,n,/bɪˈheɪvjər/,行为、行为、表现,3,高频|四级,His behavior in class was excellent.
belief,n,/bɪˈliːf/,信仰、信仰、信念,4,高频|六级,Respect for others' beliefs is essential.
beneath,prep,/bɪˈniːθ/,在...下方,5,高频|六级,The cat hid beneath the table.
benefit,n/v,/ˈbenɪfɪt/,利益、利益、受益,4,高频|六级|雅思,Exercise has many health benefits.
besides,prep/adv,/bɪˈsaɪdz/,除...之外、除...之外,3,高频,Besides English  she speaks French.
beyond,prep,/bɪˈjɒnd/,超过、超过、在...那一边,4,高频|六级,The view beyond the mountains is stunning.
blame,v/n,/bleɪm/,责备、责备、责怪,4,高频|六级,Don't blame yourself for the accident.
blank,adj/n,/blæŋk/,空白的、空白的、空白,3,高频|四级,Fill in the blank with the correct word.
blind,adj,/blaɪnd/,盲的,3,高频|四级,He is blind in one eye.
block,n/v,/blɒk/,街区、街区、堵塞,3,高频|四级,The building is on the next block.
bloom,v/n,/bluːm/,开花、开花、花朵,5,高频|六级,The flowers bloom in spring.
boast,v,/boʊst/,夸耀、夸耀、吹嘘,5,高频|六级|雅思,He boasted about his achievements.
border,n,/ˈbɔːrdər/,边界、边界、边境,4,高频|六级|旅行,They crossed the border at night.
borrow,v,/ˈbɒroʊ/,借、借、借入,2,高频|四级,Can I borrow your pen?
bother,v,/ˈbɒðər/,打扰、打扰、麻烦,3,高频|四级,Don't bother yourself with the details.
branch,n,/brɑːntʃ/,分支、分支、树枝,3,高频|四级,The bank has branches in every city.
brave,adj,/breɪv/,勇敢的,3,高频|四级,The brave soldier saved the child.
breath,n,/breθ/,呼吸、呼吸、气息,3,高频|四级,Take a deep breath and relax.
brief,adj,/briːf/,简短的、简短的、简洁的,4,高频|六级,Please make a brief introduction.
broad,adj,/brɔːd/,宽的、宽的、广泛的,4,高频|六级,She has broad shoulders.
budget,n,/ˈbʌdʒɪt/,预算,4,高频|六级|商务,We need to cut the budget this year.
bullet,n,/ˈbʊlɪt/,子弹,5,高频|六级,The bullet missed its target by an inch.
bunch,n,/bʌntʃ/,串、串、束,3,高频|四级,She bought a bunch of flowers.
burden,n/v,/ˈbɜːrdn/,负担、负担、重担,5,高频|六级|雅思,Debt is a heavy burden for many families.
burst,v/burst/,/bɜːrst/,爆裂、爆裂、突发,4,高频|六级,The balloon burst with a loud noise.
cabinet,n,/ˈkæbɪnət/,内阁、内阁、橱柜,5,高频|六级,The cabinet meeting lasted two hours.
campaign,n,/kæmˈpeɪn/,运动、运动、战役,4,高频|六级,The company launched a new marketing campaign.
cancel,v,/ˈkænsl/,取消,3,高频|四级,The flight was canceled due to bad weather.
candidate,n,/ˈkændɪdət/,候选人,3,高频|四级,She is the best candidate for the job.
capable,adj,/ˈkeɪpəbl/,有能力的,4,高频|六级,He is capable of solving complex problems.
capacity,n,/kəˈpæsəti/,容量、容量、能力,5,高频|六级|雅思,The stadium has a seating capacity of 50000.
capture,v,/ˈkæptʃər/,捕获、捕获、捕捉,4,高频|六级,The photo captured the moment perfectly.
career,n,/kəˈrɪər/,职业、职业、生涯,3,高频|四级,She built a successful career in finance.
careful,adj,/ˈkeərfl/,小心的、小心的、细心的,2,高频|四级,Be careful when crossing the street.
carry,v,/ˈkæri/,携带、携带、运送,1,高频|高考,Please carry this bag for me.
celebrate,v,/ˈselɪbreɪt/,庆祝,3,高频|四级,We celebrated her birthday with a party.
certain,adj,/ˈsɜːrtn/,确定的、确定的、某个,2,高频|四级,I'm certain he will succeed.
challenge,n/v,/ˈtʃælɪndʒ/,挑战,4,高频|六级|雅思,Learning a new language is a big challenge.
chance,n,/tʃɑːns/,机会、机会、可能性,2,高频|四级,Give me a chance to explain.
character,n,/ˈkærəktər/,性格、性格、字符,3,高频|四级,She has a strong character.
charge,v/n,/tʃɑːrdʒ/,收费、收费、指控,3,高频|四级|商务,The hotel charges $100 per night.
chart,n/v,/tʃɑːrt/,图表,3,高频|四级,The chart shows the sales growth.
cheat,v,/tʃiːt/,欺骗、欺骗、作弊,4,高频|六级,Don't cheat on the exam.
chemical,adj,/ˈkemɪkl/,化学的,4,高频|六级,The chemical reaction was dangerous.
chief,adj/n,/tʃiːf/,主要的、主要的、首领,5,高频|六级,He is the chief editor of the magazine.
circumstance,n,/ˈsɜːrkəmstæns/,情况、情况、环境,5,高频,Under the circumstances  we must leave.
civil,adj,/ˈsɪvl/,公民的、公民的、文明的,5,高频|六级|雅思,Civil rights are protected by law.
claim,v/n,/kleɪm/,声称、声称、索赔,5,高频|六级|雅思,He claimed that he was innocent.
classic,adj/n,/ˈklæsɪk/,经典的、经典的、经典,3,高频|四级,This is a classic novel.
client,n,/ˈklaɪənt/,客户,4,高频|六级|商务,We always put the client first.
climate,n,/ˈklaɪmət/,气候,4,高频|六级,The climate is changing rapidly.
collapse,v/n,/kəˈlæps/,倒塌、倒塌、崩溃,5,高频|六级|雅思,The building collapsed after the earthquake.
colleague,n,/ˈkɒliːɡ/,同事,4,高频|六级|商务,She is a colleague of mine.
collect,v,/kəˈlekt/,收集,4,高频|六级,He collects stamps from around the world.
comfort,n/v,/ˈkʌmfərt/,舒适、舒适、安慰,3,高频|四级,She tried to comfort the crying child.
command,v/n,/kəˈmɑːnd/,命令、命令、指挥,4,高频|六级,The captain commanded the ship.
comment,n/v,/ˈkɒment/,评论,3,高频|四级,Please comment on this article.
commit,v,/kəˈmɪt/,承诺、承诺、犯罪,5,高频|六级|雅思,He committed himself to the project.
common,adj,/ˈkɒmən/,普通的、普通的、共同的,1,高频|高考,It's a common mistake among beginners.
communicate,v,/kəˈmjuːnɪkeɪt/,交流、交流、沟通,3,高频|四级,We communicate by email.
community,n,/kəˈmjuːnəti/,社区,3,高频|四级,We live in a small community.
compare,v,/kəmˈpeər/,比较,3,高频|四级,Compare the two products before buying.
compete,v,/kəmˈpiːt/,竞争,3,高频|四级,Many teams compete in the tournament.
complain,v,/kəmˈpleɪn/,抱怨,3,高频|四级,She complained about the noise.
complete,adj/v,/kəmˈpliːt/,完整的、完整的、完成,2,高频|四级,Please complete the form.
complex,adj,/ˈkɒmpleks/,复杂的,4,高频|六级|雅思,This is a complex problem.
concentrate,v,/ˈkɒnsntreɪt/,集中,4,高频|六级,Concentrate on your studies.
concept,n,/ˈkɒnsept/,概念,4,高频|六级,The concept of time is fascinating.
concern,v/n,/kənˈsɜːrn/,关心、关心、关注,4,高频|六级,Her health is our main concern.
conclude,v,/kənˈkluːd/,得出结论、得出结论、结束,4,高频|六级,She concluded the speech with a quote.
condition,n,/kənˈdɪʃn/,条件、条件、状况,3,高频|四级,The car is in good condition.
conduct,v/n,/kənˈdʌkt/,实施、实施、进行,5,高频|六级|雅思,The survey was conducted online.
confess,v,/kənˈfes/,承认、承认、坦白,5,高频|六级|雅思,He confessed to the crime.
confidence,n,/ˈkɒnfɪdəns/,信心,4,高频|六级,She speaks with great confidence.
confirm,v,/kənˈfɜːrm/,确认、确认、证实,4,高频|六级,Please confirm your reservation.
conflict,n/v,/ˈkɒnflɪkt/,冲突,5,高频|六级|雅思,The conflict was resolved peacefully.
confuse,v,/kənˈfjuːz/,使困惑,4,高频|六级,His instructions confused everyone.
connect,v,/kəˈnekt/,连接,3,高频|四级,Connect the cable to the computer.
consider,v,/kənˈsɪdər/,考虑、考虑、认为,3,高频|四级,Please consider my proposal.
consist,v,/kənˈsɪst/,组成、组成、构成,4,高频|六级,The team consists of five members.
constant,adj,/ˈkɒnstənt/,不断的、不断的、持续的,4,高频|六级,She lives with constant pain.
construct,v,/kənˈstrʌkt/,建造,4,高频|六级,They constructed a new bridge.
consume,v,/kənˈsuːm/,消费、消费、消耗,5,高频|六级|雅思,People consume more during holidays.
contact,n/v,/ˈkɒntækt/,联系、联系、接触,3,高频|四级,Please contact me by phone.
contain,v,/kənˈteɪn/,包含、包含、容纳,3,高频|四级,The box contains old photos.
contemporary,adj,/kənˈtempəreri/,当代的,5,高频|六级|雅思,She is a contemporary artist.
content,n,/ˈkɒntent/,内容,4,高频|六级,The website content is well-organized.
continue,v,/kənˈtɪnjuː/,继续,2,高频|四级,Please continue your story.
contract,n,/ˈkɒntrækt/,合同,5,高频|六级|商务,Sign the contract before the deadline.
contrast,n/v,/ˈkɒntrɑːst/,对比,4,高频|六级,Contrast the two theories.
contribute,v,/kənˈtrɪbjuːt/,贡献,4,高频|六级,Many people contributed to the charity.
control,v/n,/kənˈtroʊl/,控制,3,高频|四级,He lost control of the car.
convenient,adj,/kənˈviːniənt/,方便的,3,高频|四级,Online shopping is very convenient.
convince,v,/kənˈvɪns/,说服,4,高频|六级,She convinced him to stay.
cooperate,v,/koʊˈɒpəreɪt/,合作,4,高频|六级,Let's cooperate on this project.
cope,v,/koʊp/,应对,4,高频|六级,She learned to cope with stress.
corporate,adj,/ˈkɔːrpərət/,公司的,5,高频|六级|商务,He works in corporate finance.
corrupt,adj/v,/kəˈrʌpt/,腐败的,5,高频|六级|雅思,The corrupt official was arrested.
council,n,/ˈkaʊnsl/,委员会,5,高频|六级,The city council meets weekly.
counter,n,/ˈkaʊntər/,柜台、柜台,4,高频,Pay at the counter  please.
countless,adj,/ˈkaʊntləs/,无数的,5,高频|六级,Countless stars shine in the sky.
couple,n,/ˈkʌpl/,夫妇、夫妇、一对,2,高频|四级,The couple just got married.
courage,n,/ˈkʌrɪdʒ/,勇气,3,高频|四级,She showed great courage in the crisis.
course,n,/kɔːrs/,课程、课程、过程,2,高频|四级,I'm taking a language course this semester.
court,n,/kɔːrt/,法院、法院、球场,4,高频|六级,The case will be heard in court.
cover,v,/ˈkʌvər/,覆盖,3,高频|四级,The snow covered the entire mountain.
crash,n/v,/kræʃ/,碰撞、碰撞、坠毁,4,高频|六级,Two cars crashed on the highway.
create,v,/kriˈeɪt/,创造、创造、创建,3,高频|四级,Artists create beautiful works.
creature,n,/ˈkriːtʃər/,生物,4,高频|六级,Whales are amazing creatures.
credit,n/v,/ˈkredɪt/,信用、信用、功劳,4,高频|六级|商务,She got credit for the discovery.
crime,n,/kraɪm/,犯罪、犯罪、罪行,4,高频|六级,The crime rate has dropped this year.
criminal,n/adj,/ˈkrɪmɪnl/,罪犯、罪犯、犯罪的,5,高频|六级,The criminal was sentenced to prison.
crisis,n,/ˈkraɪsɪs/,危机,5,高频|六级|雅思,The country is facing an economic crisis.
critical,adj,/ˈkrɪtɪkl/,关键的、关键的、批评的,4,高频|六级|雅思,Education is critical for development.
criticize,v,/ˈkrɪtɪsaɪz/,批评,4,高频|六级,Don't criticize others unfairly.
crucial,adj,/ˈkruːʃl/,至关重要的,5,高频|六级|雅思,Water is crucial for survival.
cruel,adj,/ˈkruːəl/,残忍的,4,高频|六级,The cruel king punished innocent people.
cultural,adj,/ˈkʌltʃərəl/,文化的,4,高频|六级,There are many cultural differences.
culture,n,/ˈkʌltʃər/,文化,4,高频|六级,Each culture has its own traditions.
curious,adj,/ˈkjʊəriəs/,好奇的,3,高频|四级,Children are curious about everything.
current,adj/n,/ˈkʌrənt/,当前的、当前的、水流,3,高频|四级,The current situation is stable.
curtain,n,/ˈkɜːrtn/,窗帘,4,高频|六级,She drew the curtain and looked outside.
custom,n,/ˈkʌstəm/,习俗、习俗、海关,4,高频|六级,It's a custom to bow in Japan.
customer,n,/ˈkʌstəmər/,顾客,3,高频|四级|商务,The customer is always right.
damage,v/n,/ˈdæmɪdʒ/,损害,4,高频|六级,The storm caused severe damage.
danger,n,/ˈdeɪndʒər/,危险,3,高频|四级,The patient is out of danger.
dare,v,/deər/,敢、敢、挑战,4,高频|六级,How dare you speak to me like that?
deal,n/v,/diːl/,交易、交易、处理,3,高频|四级|商务,Let's make a deal.
debate,n/v,/dɪˈbeɪt/,辩论、辩论、讨论,5,高频|六级|雅思,The debate lasted two hours.
debt,n,/det/,债务,5,高频|六级,He paid off his debt after ten years.
decade,n,/ˈdekeɪd/,十年,4,高频|六级,The city has changed a lot in the last decade.
deceive,v,/dɪˈsiːv/,欺骗,5,高频|六级|雅思,Don't deceive your friends.
decide,v,/dɪˈsaɪd/,决定,2,高频|四级,She decided to quit her job.
decision,n,/dɪˈsɪʒn/,决定,2,高频|四级,This is a difficult decision.
declare,v,/dɪˈkleər/,宣布、宣布、声明,5,高频|六级|雅思,He declared his love for her.
decline,v/n,/dɪˈklaɪn/,下降、下降、婉拒,5,高频|六级|雅思,Sales declined by 10 percent.
decrease,v/n,/dɪˈkriːs/,减少,4,高频|六级,Prices decreased last month.
deep,adj,/diːp/,深的,2,高频|四级,The lake is very deep.
defeat,v/n,/dɪˈfiːt/,击败、击败、失败,4,高频|六级,Our team defeated the opponents 3-1.
defend,v,/dɪˈfend/,保卫、保卫、辩护,4,高频|六级,Soldiers defend the country.
define,v,/dɪˈfaɪn/,定义,4,高频|六级,Please define this word.
delay,v/n,/dɪˈleɪ/,延迟,4,高频|六级,The flight was delayed by two hours.
deliberate,adj,/dɪˈlɪbərət/,故意的,5,高频|六级|雅思,It was a deliberate act of sabotage.
deliver,v,/dɪˈlɪvər/,递送,4,高频|六级|商务,The package was delivered on time.
demand,n/v,/dɪˈmɑːnd/,需求、需求、要求,4,高频|六级|商务,Demand for the product is high.
demonstrate,v,/ˈdemənstreɪt/,证明、证明、演示,5,高频|六级|雅思,The experiment demonstrates the theory.
deny,v,/dɪˈnaɪ/,否认、否认、拒绝,5,高频|六级|雅思,He denied all the charges.
depart,v,/dɪˈpɑːrt/,离开,4,高频|六级|旅行,The train departs at 8 AM.
depend,v,/dɪˈpend/,依靠、依靠、取决于,3,高频|四级,Don't depend on others too much.
describe,v,/dɪˈskraɪb/,描述,2,高频|四级,Please describe the suspect.
deserve,v,/dɪˈzɜːrv/,应得,4,高频|六级,You deserve a reward.
design,n/v,/dɪˈzaɪn/,设计,3,高频|四级,She designed the logo herself.
desire,n/v,/dɪˈzaɪər/,欲望、欲望、渴望,5,高频|六级|雅思,He has a strong desire to succeed.
desperate,adj,/ˈdespərət/,绝望的,5,高频|六级|雅思,She was desperate to find her missing child.
despite,prep,/dɪˈspaɪt/,尽管、尽管,4,高频,Despite the rain  we went hiking.
destroy,v,/dɪˈstrɔɪ/,破坏,4,高频|六级,The fire destroyed the entire building.
detail,n,/ˈdiːteɪl/,细节,4,高频|六级,Please give me more details.
detect,v,/dɪˈtekt/,察觉,5,高频|六级,The system detected an error.
determine,v,/dɪˈtɜːrmɪn/,确定、确定、决心,4,高频|六级,She determined to become a doctor.
develop,v,/dɪˈveləp/,发展、发展、开发,3,高频|四级,The company developed a new app.
device,n,/dɪˈvaɪs/,设备、设备、装置,4,高频|六级,This device is easy to use.
devote,v,/dɪˈvoʊt/,奉献,5,高频|六级,She devoted her life to teaching.
differ,v,/ˈdɪfər/,不同,4,高频|六级,Our opinions differ on this matter.
difficulty,n,/ˈdɪfɪkəlti/,困难,3,高频|四级,She overcame many difficulties.
dignity,n,/ˈdɪɡnəti/,尊严,5,高频|六级|雅思,Every person deserves to be treated with dignity.
diminish,v,/dɪˈmɪnɪʃ/,减少、减少、降低,5,高频|六级,Her enthusiasm diminished over time.
direct,adj/v,/dəˈrekt/,直接的、直接的、指导,3,高频|四级,Follow the direct route.
disappear,v,/ˌdɪsəˈpɪər/,消失,3,高频|四级,The sun disappeared behind the clouds.
disaster,n,/dɪˈzɑːstər/,灾难,5,高频|六级|雅思,The earthquake was a terrible disaster.
discipline,n/v,/ˈdɪsəplɪn/,纪律、纪律、学科,5,高频|六级|雅思,School discipline is very strict.
discount,n,/ˈdɪskaʊnt/,折扣,4,高频|六级|商务,Students get a 10% discount.
discourage,v,/dɪsˈkʌrɪdʒ/,使灰心,5,高频|六级,Don't let failure discourage you.
discover,v,/dɪsˈkʌvər/,发现,3,高频|四级,Columbus discovered America in 1492.
discrimination,n,/dɪˌskrɪmɪˈneɪʃn/,歧视,5,高频|六级|雅思,Racial discrimination is illegal.
discuss,v,/dɪsˈkʌs/,讨论,2,高频|四级,Let's discuss this issue.
disease,n,/dɪˈziːz/,疾病,4,高频|六级,Heart disease is the leading cause of death.
dismiss,v,/dɪsˈmɪs/,解雇、解雇、驳回,5,高频|六级,He was dismissed from his job.
display,v/n,/dɪˈspleɪ/,展示,4,高频|六级,The museum displays ancient artifacts.
dispose,v,/dɪˈspoʊz/,处理,5,高频|六级,Please dispose of the waste properly.
dispute,n/v,/dɪˈspjuːt/,争议,5,高频|六级|雅思,The two countries have a border dispute.
disrupt,v,/dɪsˈrʌpt/,扰乱,5,高频|六级,The protest disrupted traffic.
distance,n,/ˈdɪstəns/,距离,3,高频|四级,The distance between the cities is 100 km.
distinct,adj,/dɪˈstɪŋkt/,明显的、明显的、独特的,5,高频|六级,The two ideas are quite distinct.
distinguish,v,/dɪˈstɪŋɡwɪʃ/,区分,5,高频|六级,Can you distinguish the twins?
distribute,v,/dɪˈstrɪbjuːt/,分配、分配、分发,5,高频|六级,The organization distributed food to the poor.
district,n,/ˈdɪstrɪkt/,地区,3,高频|四级,She lives in a business district.
disturb,v,/dɪˈstɜːrb/,打扰,4,高频|六级,Don't disturb the baby.
divide,v,/dɪˈvaɪd/,划分,3,高频|四级,Divide the cake into eight pieces.
divorce,n/v,/dɪˈvɔːrs/,离婚,5,高频|六级,Their divorce was finalized last month.
domestic,adj,/dəˈmestɪk/,国内的、国内的、家庭的,5,高频|六级,Domestic flights are cheaper.
dominant,adj,/ˈdɒmɪnənt/,占主导的,5,高频|六级,English is the dominant language in business.
donate,v,/doʊˈneɪt/,捐赠,4,高频|六级,She donated money to the hospital.
doubt,n/v,/daʊt/,怀疑,4,高频|六级,I have no doubt about his ability.
draft,n/v,/drɑːft/,草稿、草稿、起草,5,高频|六级,He drafted the proposal yesterday.
dramatic,adj,/drəˈmætɪk/,戏剧性的,4,高频|六级,There was a dramatic change in the weather.
drawback,n,/ˈdrɔːbæk/,缺点,5,高频|六级|雅思,Every job has its drawbacks.
economy,n,/ɪˈkɒnəmi/,经济,4,高频|六级|商务,The economy is growing rapidly.
edit,v,/ˈedɪt/,编辑,4,高频|六级,She edited the manuscript carefully.
effect,n,/ɪˈfekt/,效果、效果、影响,3,高频|四级,The effect was immediate.
efficient,adj,/ɪˈfɪʃnt/,高效的,4,高频|六级,This new system is very efficient.
effort,n,/ˈefərt/,努力,3,高频|四级,Make an effort to study harder.
elect,v,/ɪˈlekt/,选举,5,高频|六级,The people elected a new president.
element,n,/ˈelɪmənt/,元素、元素、成分,4,高频|六级,Water contains hydrogen and oxygen elements.
embarrass,v,/ɪmˈbærəs/,使尴尬,4,高频|六级,Don't embarrass me in public.
emerge,v,/ɪˈmɜːrdʒ/,出现、出现、浮现,5,高频|六级|雅思,New evidence emerged during the trial.
emotion,n,/ɪˈmoʊʃn/,情感,4,高频|六级,She couldn't control her emotions.
emphasis,n,/ˈemfəsɪs/,强调,5,高频|六级|雅思,The school puts emphasis on creativity.
empire,n,/ˈempaɪər/,帝国,5,高频|六级,The Roman Empire was powerful.
employ,v,/ɪmˈplɔɪ/,雇用、雇用、使用,4,高频|六级,The company employs 1000 people.
enable,v,/ɪˈneɪbl/,使能够,4,高频|六级,The new tool enables faster work.
encounter,v/n,/ɪnˈkaʊntər/,遭遇,5,高频|六级|雅思,We encountered many difficulties.
encourage,v,/ɪnˈkʌrɪdʒ/,鼓励,3,高频|四级,Parents should encourage their children.
endanger,v,/ɪnˈdeɪndʒər/,危及,5,高频|六级,Endangered species need protection.
endure,v,/ɪnˈdʊr/,忍受、忍受、持续,5,高频|六级,She endured great pain.
engage,v,/ɪnˈɡeɪdʒ/,从事、从事、参与,5,高频|六级,He engaged in a heated discussion.
enhance,v,/ɪnˈhɑːns/,增强、增强、提高,5,高频|六级|雅思,Exercise can enhance your memory.
ensure,v,/ɪnˈʃʊr/,确保,4,高频|六级,Please ensure the door is locked.
enter,v,/ˈentər/,进入,2,高频|四级,Please enter the room quietly.
entertain,v,/ˌentərˈteɪn/,娱乐、娱乐、招待,4,高频|六级,He entertained guests at home.
enthusiasm,n,/ɪnˈθjuːziæzəm/,热情,5,高频|六级,She shows great enthusiasm for her work.
entitle,v,/ɪnˈtaɪtl/,给...权利,5,高频|六级,The book is entitled 'Pride and Prejudice'.
environment,n,/ɪnˈvaɪrənmənt/,环境,4,高频|六级,We must protect the environment.
envy,v/n,/ˈenvi/,嫉妒,4,高频|六级,I envy her success.
equal,adj/v,/ˈiːkwəl/,相等的、相等的、等于,3,高频|四级,All people are equal.
equip,v,/ɪˈkwɪp/,装备、装备、配备,4,高频|六级,The kitchen is equipped with modern appliances.
equivalent,adj/n,/ɪˈkwɪvələnt/,相等的、相等的、等价物,5,高频|六级,5 dollars is equivalent to about 35 yuan.
erase,v,/ɪˈreɪs/,擦除、擦除,4,高频,Erase the blackboard  please.
escape,v/n,/ɪˈskeɪp/,逃跑、逃跑、逃脱,4,高频|六级,The prisoner escaped from jail.
essential,adj,/ɪˈsenʃl/,必要的、必要的、本质的,4,高频|六级|雅思,Water is essential for life.
establish,v,/ɪˈstæblɪʃ/,建立,5,高频|六级,The company was established in 1990.
estimate,v/n,/ˈestɪmeɪt/,估计,4,高频|六级,The estimate was $5000.
evaluate,v,/ɪˈvæljueɪt/,评估,5,高频|六级|雅思,Teachers evaluate students' performance.
eventually,adv,/ɪˈventʃuəli/,最终、最终,4,高频,Eventually  she found a solution.
evidence,n,/ˈevɪdəns/,证据,4,高频|六级|雅思,There is strong evidence against him.
evolve,v,/ɪˈvɒlv/,进化、进化、发展,5,高频|六级,Species evolve over time.
exaggerate,v,/ɪɡˈzædʒəreɪt/,夸大,5,高频|六级,Don't exaggerate the problem.
examine,v,/ɪɡˈzæmɪn/,检查,4,高频|六级,The doctor examined the patient.
exception,n,/ɪkˈsepʃn/,例外,4,高频|六级,There's no exception to the rule.
exchange,v/n,/ɪksˈtʃeɪndʒ/,交换,3,高频|四级,We exchanged business cards.
exhibit,v/n,/ɪɡˈzɪbɪt/,展览,5,高频|六级,The museum exhibits ancient art.
exist,v,/ɪɡˈzɪst/,存在,3,高频|四级,Do ghosts really exist?
expand,v,/ɪkˈspænd/,扩大、扩大、扩展,4,高频|六级,The company plans to expand overseas.
expect,v,/ɪkˈspekt/,期待、期待、期望,2,高频|四级,We expect good results.
experience,n/v,/ɪkˈspɪəriəns/,经验、经验、经历,3,高频|四级,She has 10 years of teaching experience.
experiment,n/v,/ɪkˈsperɪmənt/,实验,4,高频|六级,The experiment was a success.
explain,v,/ɪkˈspleɪn/,解释,2,高频|四级,Please explain the rules.
explore,v,/ɪkˈsplɔːr/,探索,3,高频|四级,Let's explore the city together.
export,v/n,/ɪkˈspɔːrt/,出口,4,高频|六级|商务,The country exports cotton.
expose,v,/ɪkˈspoʊz/,暴露、暴露、揭露,5,高频|六级|雅思,Don't expose the baby to the sun.
express,v/adj,/ɪkˈspres/,表达、表达、快速的,3,高频|四级,Express your opinion clearly.
extend,v,/ɪkˈstend/,延伸、延伸、扩展,4,高频|六级,Extend your arm to the left.
extreme,adj/n,/ɪkˈstriːm/,极端的、极端的、极端,5,高频|六级|雅思,Extreme weather is becoming common.
facility,n,/fəˈsɪləti/,设施,4,高频|六级,The hotel has excellent facilities.
factor,n,/ˈfæktər/,因素,4,高频|六级,Many factors influence the result.
fade,v,/feɪd/,褪色、褪色、衰退,5,高频|六级,The color faded in the sun.
fail,v,/feɪl/,失败,3,高频|四级,Don't be afraid of failing.
faith,n,/feɪθ/,信仰、信仰、信任,4,高频|六级,Have faith in yourself.
faithful,adj,/ˈfeɪθfl/,忠诚的,5,高频|六级,He is a faithful friend.
fame,n,/feɪm/,名声,5,高频|六级,She achieved worldwide fame.
familiar,adj,/fəˈmɪliər/,熟悉的,3,高频|四级,The name sounds familiar.
famous,adj,/ˈfeɪməs/,著名的,2,高频|四级,She is a famous singer.
fault,n,/fɔːlt/,过错、过错、故障,4,高频|六级,It's not your fault.
favor,n,/ˈfeɪvər/,恩惠、恩惠、支持,4,高频|六级,Can you do me a favor?
favorite,adj/n,/ˈfeɪvərɪt/,最喜欢的,4,高频|四级,What's your favorite color?
fear,n/v,/fɪər/,害怕,3,高频|四级,She has a fear of heights.
feature,n/v,/ˈfiːtʃər/,特征、特征、特点,4,高频|六级,The car has many new features.
federal,adj,/ˈfedərəl/,联邦的,5,高频|六级,The federal government regulates this.
fee,n,/fiː/,费用,4,高频|六级|商务,The tuition fee is $5000 per year.
feed,v,/fiːd/,喂养,3,高频|四级,Feed the dog twice a day.
feel,v,/fiːl/,感觉,1,高频|高考,How do you feel today?
fellow,n/adj,/ˈfeloʊ/,同伴的,5,高频|六级,She is my fellow student.
female,adj/n,/ˈfiːmeɪl/,女性的,3,高频|四级,The female employees get equal pay.
fence,n,/fens/,栅栏,3,高频|四级,The fence around the house is white.
fiction,n,/ˈfɪkʃn/,小说、小说、虚构,5,高频|六级,She loves reading fiction.
field,n,/fiːld/,田野、田野、领域,2,高频|四级,He works in the field of medicine.
fierce,adj,/fɪərs/,凶猛的、凶猛的、激烈的,5,高频|六级,The competition was fierce.
fight,v/n,/faɪt/,战斗、战斗、斗争,2,高频|四级,They fought for their rights.
figure,n/v,/ˈfɪɡjər/,数字、数字、人物,3,高频|四级,She has a slim figure.
file,n/v,/faɪl/,文件,3,高频|四级|商务,Save the file on your computer.
fill,v,/fɪl/,填充,2,高频|四级,Fill the glass with water.
film,n/v,/fɪlm/,电影,3,高频|四级,We watched a film last night.
finance,n,/ˈfaɪnæns/,财政、财政、金融,5,高频|六级|商务,He works in finance.
find,v,/faɪnd/,发现、发现、找到,1,高频|高考,I can't find my keys.
fine,adj/n,/faɪn/,好的、好的、罚款,2,高频|四级,I'm feeling fine.
finger,n,/ˈfɪŋɡər/,手指,2,高频|四级,She has a ring on her finger.
fire,n/v,/ˈfaɪər/,火、火、解雇,2,高频|四级,The fire department arrived quickly.
firm,n/adj,/fɜːrm/,公司、公司、坚固的,4,高频|六级|商务,He works at a law firm.
first,adj/adv,/fɜːrst/,第一的,1,高频|高考,This is my first car.
fish,n/v,/fɪʃ/,鱼、鱼、钓鱼,1,高频|高考,We caught three fish.
fit,v/adj,/fɪt/,适合,2,高频|四级,These shoes fit perfectly.
fix,v,/fɪks/,修理、修理、固定,2,高频|四级,Can you fix the broken computer?
flame,n,/fleɪm/,火焰,5,高频|六级,The flame flickered in the wind.
flash,n/v,/flæʃ/,闪光,4,高频|六级,The camera flash was too bright.
flat,adj/n,/flæt/,平坦的、平坦的、公寓,3,高频|四级,She lives in a small flat.
flavor,n,/ˈfleɪvər/,味道,4,高频|六级,What flavor do you prefer?
flee,v,/fliː/,逃跑,5,高频|六级,The suspect fled the country.
flexible,adj,/ˈfleksəbl/,灵活的,5,高频|六级,We need a flexible schedule.
flight,n,/flaɪt/,航班、航班、飞行,3,高频|四级|旅行,The flight was delayed by one hour.
float,v,/floʊt/,漂浮,4,高频|六级,The boat floated on the lake.
flood,n/v,/flʌd/,洪水,4,高频|六级,The flood damaged many houses.
floor,n,/flɔːr/,地板、地板、楼层,1,高频|高考,The floor is wet.
flour,n,/ˈflaʊər/,面粉,3,高频|四级,We need flour to make bread.
flow,v/n,/floʊ/,流动,4,高频|六级,The river flows to the sea.
flower,n,/ˈflaʊər/,花,2,高频|四级,She picked some flowers from the garden.
fluent,adj,/ˈfluːənt/,流利的,4,高频|六级,She is fluent in three languages.
fluid,n/adj,/ˈfluːɪd/,液体、液体、流动的,5,高频|六级,Drink plenty of fluids.
focus,v/n,/ˈfoʊkəs/,集中、集中、焦点,3,高频|四级,Focus on your studies.
fold,v,/foʊld/,折叠,3,高频|四级,She folded the letter carefully.
folk,n/adj,/foʊk/,人们、人们、民间的,4,高频|六级,Folk music is popular in this region.
follow,v,/ˈfɒloʊ/,跟随,2,高频|四级,Follow the instructions carefully.
fond,adj,/fɒnd/,喜爱的,4,高频|六级,She is fond of classical music.
food,n,/fuːd/,食物,1,高频|高考,I love Chinese food.
fool,n/v,/fuːl/,傻瓜、傻瓜、欺骗,3,高频|四级,Don't fool me.
foot,n,/fʊt/,脚,1,高频|高考,My foot hurts.
force,n/v,/fɔːrs/,力量、力量、强迫,3,高频|四级,Use force to open the door.
forecast,n/v,/ˈfɔːrkɑːst/,预报,5,高频|六级,The weather forecast says it'll rain.
foreign,adj,/ˈfɒrən/,外国的,3,高频|四级,She speaks three foreign languages.
forest,n,/ˈfɒrɪst/,森林,3,高频|四级,We walked through the forest.
forever,adv,/fərˈevər/,永远,3,高频|四级,I'll remember this forever.
forget,v,/fərˈɡet/,忘记,1,高频|高考,Don't forget to call me.
forgive,v,/fərˈɡɪv/,原谅,4,高频|六级,Please forgive my mistake.
former,adj,/ˈfɔːrmər/,以前的,4,高频|六级,The former president gave a speech.
fortune,n,/ˈfɔːrtʃən/,财富、财富、运气,4,高频|六级,She made a fortune in real estate.
forward,adv,/ˈfɔːrwərd/,向前,3,高频|四级,Move forward step by step.
found,v,/faʊnd/,建立,4,高频|六级,The company was founded in 1990.
frame,n/v,/freɪm/,框架,3,高频|四级,The picture frame is wooden.
free,adj,/friː/,自由的、自由的、免费的,1,高频|高考,The event is free of charge.
freedom,n,/ˈfriːdəm/,自由,3,高频|四级,People fought for freedom.
freeze,v,/friːz/,冻结,4,高频|六级,Water freezes at 0 degrees Celsius.
frequent,adj,/ˈfriːkwənt/,频繁的,4,高频|六级,He is a frequent visitor to the museum.
fresh,adj,/freʃ/,新鲜的,3,高频|四级,I love the fresh morning air.
friend,n,/frend/,朋友,1,高频|高考,She is my best friend.
friendly,adj,/ˈfrendli/,友好的,2,高频|四级,He is very friendly to everyone.
frighten,v,/ˈfraɪtn/,使害怕,4,高频|六级,The horror movie frightened me.
front,adj/n,/frʌnt/,前面的、前面的、前面,2,高频|四级,Sit in the front row.
fruit,n,/fruːt/,水果,1,高频|高考,Eat more fruit and vegetables.
fuel,n/v,/ˈfjuːəl/,燃料,4,高频|六级,The car runs on unleaded fuel.
function,n/v,/ˈfʌŋkʃn/,功能,3,高频|四级,What is the function of this button?
fundamental,adj,/ˌfʌndəˈmentl/,基本的,5,高频|六级|雅思,Reading is a fundamental skill.
funny,adj,/ˈfʌni/,有趣的,2,高频|四级,He told a funny joke.
furniture,n,/ˈfɜːrnɪtʃər/,家具,3,高频|四级,We bought new furniture for the house.
further,adv/adj,/ˈfɜːrðər/,更远,3,高频|四级,We need to investigate further.
future,n/adj,/ˈfjuːtʃər/,未来,1,高频|高考,Plan for the future.
gain,v/n,/ɡeɪn/,获得、获得、收益,3,高频|四级,She gained valuable experience.
gap,n,/ɡæp/,差距、差距、缺口,3,高频|四级,There is a gap between the rich and poor.
gather,v,/ˈɡæðər/,收集、收集、聚集,3,高频|四级,We gathered around the fireplace.
gaze,v/n,/ɡeɪz/,凝视,5,高频|六级,She gazed at the stars.
general,adj,/ˈdʒenrəl/,一般的、一般的,3,高频,In general  I agree with you.
generate,v,/ˈdʒenəreɪt/,产生,5,高频|六级,The new policy will generate more jobs.
generation,n,/ˌdʒenəˈreɪʃn/,一代人,5,高频|六级,The younger generation is more tech-savvy.
gentle,adj,/ˈdʒentl/,温柔的,3,高频|四级,She has a gentle voice.
genuine,adj,/ˈdʒenjuɪn/,真正的,5,高频|六级|雅思,He showed genuine concern for her.
gesture,n/v,/ˈdʒestʃər/,手势,4,高频|六级,He made a gesture of agreement.
ghost,n,/ɡoʊst/,鬼、鬼、幽灵,3,高频|四级,Do you believe in ghosts?
giant,adj/n,/ˈdʒaɪənt/,巨大的、巨大的、巨人,4,高频|六级,The giant tree is 1000 years old.
gift,n,/ɡɪft/,礼物,2,高频|四级,She received many gifts on her birthday.
glance,v/n,/ɡlɑːns/,瞥一眼,3,高频|四级,He glanced at his watch.
global,adj,/ˈɡloʊbl/,全球的,4,高频|六级,Global warming is a serious issue.
glory,n,/ˈɡlɔːri/,荣誉、荣誉、光荣,5,高频|六级,He won glory for his country.
goal,n,/ɡoʊl/,目标,2,高频|四级,Set a clear goal for yourself.
gorgeous,adj,/ˈɡɔːrdʒəs/,华丽的,5,高频|六级,The sunset was gorgeous.
govern,v,/ˈɡʌvərn/,治理,5,高频|六级,The country is governed by elected officials.
grab,v,/ɡræb/,抓取,3,高频|四级,She grabbed my arm.
grace,n,/ɡreɪs/,优雅,5,高频|六级,She moves with grace.
gradual,adj,/ˈɡrædʒuəl/,逐渐的,4,高频|六级,There has been a gradual improvement.
grant,v/n,/ɡrɑːnt/,授予、授予、拨款,5,高频|六级|雅思,The government granted him a visa.
grateful,adj,/ˈɡreɪtfl/,感激的,3,高频|四级,I'm grateful for your help.
grave,n/adj,/ɡreɪv/,坟墓、坟墓、严重的,5,高频|六级,This is a grave mistake.
great,adj,/ɡreɪt/,伟大的,1,高频|高考,She is a great leader.
grief,n,/ɡriːf/,悲伤,5,高频|六级,He was overcome with grief.
gross,adj,/ɡroʊs/,总的、总的、毛的,5,高频|六级|商务,Gross income is before taxes.
ground,n,/ɡraʊnd/,地面,2,高频|四级,He fell to the ground.
group,n/v,/ɡruːp/,组、组、团体,1,高频|高考,We work in small groups.
grow,v,/ɡroʊ/,成长、成长、种植,1,高频|高考,Plants grow in the sunshine.
growth,n,/ɡroʊθ/,增长、增长、成长,4,高频|六级,The company has seen rapid growth.
guarantee,n/v,/ˌɡærənˈtiː/,保证,5,高频|六级|商务,We guarantee the quality.
guess,v/n,/ɡes/,猜、猜、猜测,1,高频|高考,Can you guess my age?
guest,n,/ɡest/,客人,2,高频|四级,We have guests for dinner.
guide,n/v,/ɡaɪd/,向导、向导、指导,3,高频|四级|旅行,The guide spoke three languages.
guilty,adj,/ˈɡɪlti/,有罪的、有罪的、内疚的,4,高频|六级,He was found guilty of theft.
habit,n,/ˈhæbɪt/,习惯,3,高频|四级,Reading is a good habit.
habitat,n,/ˈhæbɪtæt/,栖息地,5,高频|六级,The forest is the tiger's natural habitat.
handle,v/n,/ˈhændl/,处理、处理、把手,4,高频|六级,Handle the situation carefully.
hang,v,/hæŋ/,挂、挂、吊,3,高频|四级,Hang the picture on the wall.
happen,v,/ˈhæpən/,发生,1,高频|高考,What happened yesterday?
happy,adj,/ˈhæpi/,快乐的,1,高频|高考,She is happy with her life.
hard,adj/adv,/hɑːrd/,困难的、困难的、努力地,1,高频|高考,Life is hard sometimes.
harm,n/v,/hɑːrm/,伤害,4,高频|六级,Smoking harms your health.
harsh,adj,/hɑːrʃ/,严厉的、严厉的、刺耳的,5,高频|六级,The climate is harsh in winter.
harvest,n/v,/ˈhɑːrvɪst/,收获,4,高频|六级,The harvest was good this year.
hate,v,/heɪt/,憎恨,3,高频|四级,I hate cold weather.
head,n/v,/hed/,头、头、领导,1,高频|高考,He is the head of the company.
headline,n,/ˈhedlaɪn/,标题,4,高频|六级,The headline caught my attention.
heal,v,/hiːl/,治愈,4,高频|六级,Time heals all wounds.
health,n,/helθ/,健康,1,高频|高考,Health is more important than wealth.
healthy,adj,/ˈhelθi/,健康的,2,高频|四级,Eat healthy food.
hear,v,/hɪər/,听到,1,高频|高考,I can hear music from next door.
heart,n,/hɑːrt/,心、心、心脏,1,高频|高考,She has a kind heart.
heat,n/v,/hiːt/,热、热、加热,3,高频|四级,The heat from the sun is intense.
heavy,adj,/ˈhevi/,重的,2,高频|四级,The box is too heavy to lift.
height,n,/haɪt/,高度,3,高频|四级,The height of the mountain is 5000 meters.
helmet,n,/ˈhelmɪt/,头盔,3,高频|四级,Wear a helmet when riding a bike.
help,v/n,/help/,帮助,1,高频|高考,Can you help me with this?
helpful,adj,/ˈhelpfl/,有帮助的,2,高频|四级,This book is very helpful.
hesitate,v,/ˈhezɪteɪt/,犹豫,4,高频|六级,Don't hesitate to ask questions.
hide,v,/haɪd/,隐藏,2,高频|四级,The cat hid under the bed.
high,adj/adv,/haɪ/,高的,1,高频|高考,The mountain is very high.
highlight,v/n,/ˈhaɪlaɪt/,突出、突出、强调,4,高频|六级,Highlight the important points.
highly,adv,/ˈhaɪli/,高度地,3,高频|四级,She is highly motivated.
hill,n,/hɪl/,小山,2,高频|四级,We climbed the hill together.
hint,n/v,/hɪnt/,暗示,4,高频|六级,She dropped a hint about the surprise.
hire,v,/ˈhaɪər/,雇用,3,高频|四级|商务,We need to hire more staff.
history,n,/ˈhɪstri/,历史,1,高频|高考,I'm interested in history.
hit,v/n,/hɪt/,打击、打击、碰撞,2,高频|四级,The car hit a tree.
hold,v,/hoʊld/,握住、握住、举行,1,高频|高考,Hold my hand.
hole,n,/hoʊl/,洞,2,高频|四级,There's a hole in my sock.
holiday,n,/ˈhɒlədeɪ/,假日,2,高频|四级,We went on holiday to Spain.
honest,adj,/ˈɒnɪst/,诚实的,2,高频|四级,Be honest with me.
honor,n/v,/ˈɒnər/,荣誉、荣誉、尊敬,4,高频|六级,It's an honor to meet you.
hope,n/v,/hoʊp/,希望,1,高频|高考,I hope to see you again.
horizon,n,/həˈraɪzn/,地平线,5,高频|六级,The sun set below the horizon.
horror,n,/ˈhɒrər/,恐怖,4,高频|六级,She couldn't watch the horror film.
horse,n,/hɔːrs/,马,1,高频|高考,She rides a horse every weekend.
hospital,n,/ˈhɒspɪtl/,医院,2,高频|四级,He was taken to the hospital.
host,n/v,/hoʊst/,主人、主人、主持,3,高频|四级,He hosted the TV show.
hostile,adj,/ˈhɒstaɪl/,敌对的,5,高频|六级,She gave him a hostile look.
hot,adj,/hɒt/,热的,1,高频|高考,It's hot today.
hotel,n,/hoʊˈtel/,旅馆,1,高频|高考|旅行,We stayed at a nice hotel.
hour,n,/ˈaʊər/,小时,1,高频|高考,I'll be there in one hour.
house,n,/haʊs/,房子,1,高频|高考,My house is near the park.
household,n,/ˈhaʊshoʊld/,家庭,4,高频|六级,There are three people in the household.
huge,adj,/hjuːdʒ/,巨大的,2,高频|四级,The building is huge.
human,adj/n,/ˈhjuːmən/,人类的、人类的、人,2,高频|四级,Human nature is complex.
humor,n,/ˈhjuːmər/,幽默,3,高频|四级,She has a great sense of humor.
hunt,v/n,/hʌnt/,打猎,4,高频|六级,Lions hunt for food.
hurry,v/n,/ˈhʌri/,匆忙,3,高频|四级,We were in a hurry.
hurt,v,/hɜːrt/,伤害,2,高频|四级,My back hurts.
idea,n,/aɪˈdɪə/,想法,1,高频|高考,That's a good idea.
ideal,adj/n,/aɪˈdiːəl/,理想的、理想的、理想,4,高频|六级,This is an ideal place to live.
identify,v,/aɪˈdentɪfaɪ/,识别、识别、确定,5,高频|六级,Can you identify the suspect?
identity,n,/aɪˈdentəti/,身份,5,高频|六级|雅思,Please show your identity card.
ignore,v,/ɪɡˈnɔːr/,忽视,4,高频|六级,Don't ignore the warning signs.
ill,adj,/ɪl/,生病的,3,高频|四级,She is seriously ill.
illegal,adj,/ɪˈliːɡl/,非法的,4,高频|六级,Drunk driving is illegal.
illness,n,/ˈɪlnəs/,疾病,4,高频|六级,Heart illness is preventable.
illustrate,v,/ˈɪləstreɪt/,说明,5,高频|六级,The chart illustrates the trend.
image,n,/ˈɪmɪdʒ/,图像、图像、形象,3,高频|四级,She posted an image on social media.
imagine,v,/ɪˈmædʒɪn/,想象,2,高频|四级,Imagine a perfect world.
immediate,adj,/ɪˈmiːdiət/,立即的,4,高频|六级,We need an immediate response.
immigrate,v,/ˈɪmɪɡreɪt/,移居,5,高频|六级,Her family immigrated to Canada.
impact,n/v,/ˈɪmpækt/,影响,5,高频|六级|雅思,The book had a big impact on me.
implement,v,/ˈɪmplɪment/,实施,5,高频|六级|雅思,Implement the plan immediately.
imply,v,/ɪmˈplaɪ/,暗示,5,高频|六级,What are you implying?
impose,v,/ɪmˈpoʊz/,施加,5,高频|六级,Don't impose your ideas on others.
impress,v,/ɪmˈpres/,给...深刻印象,4,高频|六级,Her speech impressed everyone.
improve,v,/ɪmˈpruːv/,改善、改善、提高,2,高频|四级,She improved her English quickly.
include,v,/ɪnˈkluːd/,包括,2,高频|四级,The price includes tax.
income,n,/ˈɪnkʌm/,收入,4,高频|六级|商务,His annual income is $50000.
increase,v/n,/ɪnˈkriːs/,增加,3,高频|四级,Production increased by 10%.
indicate,v,/ˈɪndɪkeɪt/,表明,4,高频|六级,The data indicates a trend.
industry,n,/ˈɪndəstri/,工业、工业、产业,3,高频|四级,The film industry is growing.
infant,n,/ˈɪnfənt/,婴儿,5,高频|六级,The infant is sleeping.
infect,v,/ɪnˈfekt/,感染,5,高频|六级,The wound was infected.
infer,v,/ɪnˈfɜːr/,推断,5,高频|六级|雅思,What can you infer from the data?
influence,n/v,/ˈɪnfluəns/,影响,4,高频|六级,Her teachers influenced her career.
inform,v,/ɪnˈfɔːrm/,通知,4,高频|六级,Please inform me of any changes.
information,n,/ˌɪnfərˈmeɪʃn/,信息、信息,2,高频,For more information  visit our website.
inherit,v,/ɪnˈherɪt/,继承,5,高频|六级,She inherited the family business.
initial,adj/n,/ɪˈnɪʃl/,最初的、最初的、首字母,4,高频|六级,The initial plan was changed.
initiate,v,/ɪˈnɪʃieɪt/,发起,5,高频|六级,He initiated the project last year.
injure,v,/ˈɪndʒər/,伤害,4,高频|六级,He was injured in the accident.
innovation,n,/ˌɪnəˈveɪʃn/,创新,5,高频|六级|雅思,Innovation drives progress.
inquire,v,/ɪnˈkwaɪər/,询问,5,高频|六级,I'd like to inquire about the job.
insect,n,/ˈɪnsekt/,昆虫,3,高频|四级,The insect is harmless.
insert,v,/ɪnˈsɜːrt/,插入,4,高频|六级,Insert the key into the lock.
insight,n,/ˈɪnsaɪt/,洞察力,5,高频|六级|雅思,The book gives insight into Chinese culture.
insist,v,/ɪnˈsɪst/,坚持,4,高频|六级,She insisted on paying the bill.
inspect,v,/ɪnˈspekt/,检查,5,高频|六级,The building was inspected for safety.
inspire,v,/ɪnˈspaɪər/,激发,4,高频|六级,Her story inspired millions.
install,v,/ɪnˈstɔːl/,安装,4,高频|六级,We installed a new air conditioner.
instance,n,/ˈɪnstəns/,例子、例子,4,高频,For instance  take this case.
instant,adj/n,/ˈɪnstənt/,立即的、立即的、瞬间,4,高频|六级,The reaction was instant.
instead,adv,/ɪnˈsted/,代替,2,高频|四级,I'll have tea instead of coffee.
instruct,v,/ɪnˈstrʌkt/,指导,5,高频|六级,She instructed us in English.
instrument,n,/ˈɪnstrəmənt/,乐器、乐器、工具,4,高频|六级,She plays three instruments.
insult,v/n,/ɪnˈsʌlt/,侮辱,5,高频|六级,His words were an insult to her.
insurance,n,/ɪnˈʃʊərəns/,保险,4,高频|六级|商务,Health insurance is important.
intellectual,adj,/ˌɪntəˈlektʃuəl/,智力的,5,高频|六级,She is an intellectual person.
intelligence,n,/ɪnˈtelɪdʒəns/,智力、智力、情报,5,高频|六级,Artificial intelligence is advancing.
intend,v,/ɪnˈtend/,打算,4,高频|六级,What do you intend to do?
intense,adj,/ɪnˈtens/,强烈的,5,高频|六级,The heat was intense.
intent,n/adj,/ɪnˈtent/,意图,5,高频|六级,She approached with good intent.
interact,v,/ˌɪntərˈækt/,互动,4,高频|六级,The app allows users to interact.
interest,n/v,/ˈɪntrəst/,兴趣,3,高频|四级,Music is my main interest.
interfere,v,/ˌɪntərˈfɪər/,干涉,5,高频|六级,Don't interfere in my affairs.
interior,n/adj,/ɪnˈtɪəriər/,内部,4,高频|六级,The interior design is modern.
internal,adj,/ɪnˈtɜːrnl/,内部的,5,高频|六级,The company has internal problems.
international,adj,/ˌɪntərˈnæʃnəl/,国际的,4,高频|六级,She works for an international company.
interpret,v,/ɪnˈtɜːrprɪt/,解释、解释、口译,5,高频|六级,He interpreted the speech into English.
interrupt,v,/ˌɪntəˈrʌpt/,打断,4,高频|六级,Don't interrupt me.
interval,n,/ˈɪntərvl/,间隔,5,高频|六级,There was a short interval between acts.
intervene,v,/ˌɪntərˈviːn/,干预,5,高频|六级|雅思,The government intervened to stop the strike.
intimate,adj,/ˈɪntɪmət/,亲密的,5,高频|六级,They are intimate friends.
introduce,v,/ˌɪntrəˈdjuːs/,介绍、介绍、引入,2,高频|四级,Let me introduce my friend.
invade,v,/ɪnˈveɪd/,侵略,5,高频|六级,The army invaded the country.
invent,v,/ɪnˈvent/,发明,3,高频|四级,Who invented the telephone?
invest,v,/ɪnˈvest/,投资,4,高频|六级|商务,He invested in real estate.
investigate,v,/ɪnˈvestɪɡeɪt/,调查,5,高频|六级|雅思,The police investigated the case.
invitation,n,/ˌɪnvɪˈteɪʃn/,邀请,3,高频|四级,Thank you for the invitation.
involve,v,/ɪnˈvɒlv/,涉及,4,高频|六级,The job involves traveling.
iron,n/v,/ˈaɪərn/,铁、铁、熨烫,3,高频|四级,The bridge is made of iron.
irregular,adj,/ɪˈreɡjələr/,不规则的,5,高频|六级,The verb is irregular.
isolate,v,/ˈaɪsəleɪt/,隔离,5,高频|六级,He isolated himself from others.
issue,n/v,/ˈɪʃuː/,问题、问题、发行,4,高频|六级,This is a serious issue.
item,n,/ˈaɪtəm/,项目,3,高频|四级,There are five items on the list.
jail,n,/dʒeɪl/,监狱,5,高频|六级,He was sent to jail.
jam,n,/dʒæm/,果酱、果酱、堵塞,3,高频|四级,Traffic is in a jam.
job,n,/dʒɒb/,工作,1,高频|高考,She got a new job.
join,v,/dʒɔɪn/,加入,2,高频|四级,Would you like to join us?
joint,adj/n,/dʒɔɪnt/,联合的、联合的、关节,5,高频|六级,We have a joint account.
journal,n,/ˈdʒɜːrnl/,杂志、杂志、日志,5,高频|六级,He writes for a scientific journal.
journey,n,/ˈdʒɜːrni/,旅行、旅行、旅程,3,高频|四级,The journey took three hours.
joy,n,/dʒɔɪ/,欢乐,3,高频|四级,The children shouted with joy.
judge,n/v,/dʒʌdʒ/,法官、法官、判断,3,高频|四级,The judge made a fair decision.
judgment,n,/ˈdʒʌdʒmənt/,判断,5,高频|六级,Use your own judgment.
juice,n,/dʒuːs/,果汁,2,高频|四级,Orange juice is healthy.
jump,v,/dʒʌmp/,跳,1,高频|高考,The kids jumped in the pool.
junior,adj/n,/ˈdʒuːniər/,初级的,5,高频|六级,She is a junior manager.
jury,n,/ˈdʒʊəri/,陪审团,5,高频|六级,The jury reached a verdict.
just,adv/adj,/dʒʌst/,只是、只是、公正的,1,高频|高考,I'm just kidding.
justice,n,/ˈdʒʌstɪs/,正义,5,高频|六级|雅思,Justice must be served.
justify,v,/ˈdʒʌstɪfaɪ/,证明合理,5,高频|六级|雅思,Can you justify your decision?
keep,v,/kiːp/,保持,1,高频|高考,Keep the door closed.
key,adj/n,/kiː/,关键的、关键的、钥匙,1,高频|高考,Education is the key to success.
kick,v,/kɪk/,踢,3,高频|四级,He kicked the ball.
kid,n/v,/kɪd/,孩子、孩子、开玩笑,1,高频|高考,I'm just kidding.
kill,v,/kɪl/,杀死,3,高频|四级,Smoking kills.
kind,n/adj,/kaɪnd/,种类、种类、善良的,1,高频|高考,She is very kind.
king,n,/kɪŋ/,国王,2,高频|四级,The king ruled for 30 years.
kiss,v/n,/kɪs/,吻,3,高频|四级,He kissed her goodbye.
kitchen,n,/ˈkɪtʃɪn/,厨房,2,高频|四级,She is cooking in the kitchen.
knee,n,/niː/,膝盖,3,高频|四级,He hurt his knee playing soccer.
knife,n,/naɪf/,刀,3,高频|四级,Be careful with the knife.
knock,v/n,/nɒk/,敲,3,高频|四级,Someone knocked on the door.
know,v,/noʊ/,知道,1,高频|高考,I know the answer.
knowledge,n,/ˈnɒlɪdʒ/,知识,3,高频|四级,Knowledge is power.
label,n/v,/ˈleɪbl/,标签,3,高频|四级,Read the label before eating.
labor,n,/ˈleɪbər/,劳动,4,高频|六级,Manual labor is hard work.
lack,n/v,/læk/,缺乏,3,高频|四级,He lacks confidence.
ladder,n,/ˈlædər/,梯子,3,高频|四级,Climb up the ladder.
lady,n,/ˈleɪdi/,女士,2,高频|四级,The lady smiled at me.
lake,n,/leɪk/,湖,2,高频|四级,We swam in the lake.
land,n/v,/lænd/,土地、土地、着陆,2,高频|四级,The plane landed safely.
landscape,n,/ˈlændskeɪp/,风景,5,高频|六级,The landscape is breathtaking.
language,n,/ˈlæŋɡwɪdʒ/,语言,1,高频|高考,She speaks four languages.
large,adj,/lɑːrdʒ/,大的,1,高频|高考,The room is very large.
last,adj/v,/lɑːst/,最后的、最后的、持续,1,高频|高考,This is my last chance.
late,adj/adv,/leɪt/,迟的、迟的、晚,1,高频|高考,Don't be late for school.
later,adv,/ˈleɪtər/,后来,1,高频|高考,See you later.
laugh,v/n,/lɑːf/,笑,1,高频|高考,The joke made everyone laugh.
launch,v/n,/lɔːntʃ/,发射、发射、启动,4,高频|六级,The company launched a new product.
law,n,/lɔː/,法律,3,高频|四级,Everyone must obey the law.
lawn,n,/lɔːn/,草坪,3,高频|四级,She mowed the lawn.
lay,v,/leɪ/,放置,3,高频|四级,Lay the book on the table.
layer,n,/ˈleɪər/,层,4,高频|六级,There are several layers of meaning.
lazy,adj,/ˈleɪzi/,懒惰的,2,高频|四级,Don't be lazy.
lead,v/n,/liːd/,领导,3,高频|四级,She leads the marketing team.
leader,n,/ˈliːdər/,领导者,3,高频|四级,He is a natural leader.
leaf,n,/liːf/,叶子,2,高频|四级,The leaves fall in autumn.
league,n,/liːɡ/,联盟,4,高频|六级,The football league starts in September.
lean,v/adj,/liːn/,倾斜、倾斜、瘦的,4,高频|六级,Lean the ladder against the wall.
leap,v/n,/liːp/,跳、跳、跳跃,4,高频|六级,She leaped over the puddle.
learn,v,/lɜːrn/,学习,1,高频|高考,I want to learn French.
least,adj,/liːst/,最少的,2,高频|四级,At least try once.
leave,v,/liːv/,离开、离开、留下,1,高频|高考,I'm leaving tomorrow.
lecture,n/v,/ˈlektʃər/,演讲、演讲、讲课,3,高频|四级,He gave a lecture on history.
left,adj/adv,/left/,左边的,1,高频|高考,Turn left at the corner.
legal,adj,/ˈliːɡl/,合法的,4,高频|六级,Is this legal?
legend,n,/ˈledʒənd/,传说,5,高频|六级,The legend has been passed down for centuries.
legislation,n,/ˌledʒɪsˈleɪʃn/,立法,5,高频|六级|雅思,The legislation was passed last month.
legitimate,adj,/lɪˈdʒɪtɪmət/,合法的,5,高频|六级|雅思,He has a legitimate reason.
leisure,n,/ˈliːʒər/,闲暇,5,高频|六级,She enjoys leisure activities.
length,n,/leŋθ/,长度,3,高频|四级,What is the length of the table?
less,adj/adv,/les/,更少的,1,高频|高考,Try to eat less sugar.
lesson,n,/ˈlesn/,课程、课程、教训,1,高频|高考,Today's lesson is about grammar.
let,v,/let/,让,1,高频|高考,Let me help you.
letter,n,/ˈletər/,信、信、字母,1,高频|高考,She wrote him a letter.
level,n/adj,/ˈlevl/,水平、水平、等级,2,高频|四级,Her level of English is high.
liberal,adj,/ˈlɪbərəl/,自由的、自由的、开明的,5,高频|六级,He has liberal political views.
liberate,v,/ˈlɪbəreɪt/,解放,5,高频|六级,The army liberated the city.
liberty,n,/ˈlɪbəti/,自由,5,高频|六级|雅思,They fought for liberty.
library,n,/ˈlaɪbrəri/,图书馆,2,高频|四级,She works at the library.
license,n/v,/ˈlaɪsns/,执照、执照、许可,4,高频|六级,He has a driver's license.
lick,v,/lɪk/,舔,3,高频|四级,The cat licked its paw.
lid,n,/lɪd/,盖子,3,高频|四级,Put the lid on the pot.
lie,v/n,/laɪ/,躺、躺、撒谎,2,高频|四级,He lied about his age.
life,n,/laɪf/,生活、生活、生命,1,高频|高考,Life is beautiful.
lifestyle,n,/ˈlaɪfstaɪl/,生活方式,4,高频|六级,She has a healthy lifestyle.
lifetime,n,/ˈlaɪftaɪm/,一生,4,高频|六级,This is a once-in-a-lifetime opportunity.
lift,v/n,/lɪft/,举起、举起、电梯,3,高频|四级,He lifted the heavy box.
light,n/adj/v,/laɪt/,光、光、轻的、点燃,1,高频|高考,Turn off the light.
lightning,n,/ˈlaɪtnɪŋ/,闪电,4,高频|六级,Lightning struck the tree.
like,v/prep,/laɪk/,喜欢、喜欢、像,1,高频|高考,I like coffee.
limit,n/v,/ˈlɪmɪt/,限制,3,高频|四级,There's no limit to learning.
line,n/v,/laɪn/,线、线、排队,1,高频|高考,Draw a straight line.
link,n/v,/lɪŋk/,链接,3,高频|四级,Click the link to open the website.
liquid,n/adj,/ˈlɪkwɪd/,液体、液体、流动的,4,高频|六级,Water is a liquid.
list,n/v,/lɪst/,清单,2,高频|四级,Make a shopping list.
listen,v,/ˈlɪsn/,听,1,高频|高考,Listen to the teacher.
literature,n,/ˈlɪtərətʃər/,文学,4,高频|六级,She studies English literature.
load,n/v,/loʊd/,负担、负担、装载,4,高频|六级,The truck carried a heavy load.
loan,n/v,/loʊn/,贷款,4,高频|六级|商务,He applied for a bank loan.
local,adj,/ˈloʊkl/,本地的,3,高频|四级,She buys food from local markets.
locate,v,/loʊˈkeɪt/,定位,5,高频|六级,The store is located downtown.
location,n,/loʊˈkeɪʃn/,位置,4,高频|六级,The location is perfect for a restaurant.
lock,n/v,/lɒk/,锁,2,高频|四级,Lock the door before leaving.
logic,n,/ˈlɒdʒɪk/,逻辑,5,高频|六级,Her logic is clear.
lonely,adj,/ˈloʊnli/,孤独的,2,高频|四级,She felt lonely in the new city.
long,adj/adv,/lɒŋ/,长的,1,高频|高考,She has long hair.
look,v/n,/lʊk/,看,1,高频|高考,Look at this picture.
loose,adj,/luːs/,松的,4,高频|六级,The knot is loose.
lose,v,/luːz/,失去,1,高频|高考,Don't lose your keys.
loss,n,/lɒs/,损失,3,高频|四级,The company suffered a huge loss.
lot,n,/lɒt/,许多,1,高频|高考,A lot of people came to the party.
loud,adj,/laʊd/,大声的,2,高频|四级,The music is too loud.
love,n/v,/lʌv/,爱,1,高频|高考,I love you.
lovely,adj,/ˈlʌvli/,可爱的,2,高频|四级,What a lovely day!
lover,n,/ˈlʌvər/,爱好者,4,高频|六级,He is a music lover.
low,adj,/loʊ/,低的,1,高频|高考,The temperature is very low.
luck,n,/lʌk/,运气,2,高频|四级,Good luck with your exam!
luggage,n,/ˈlʌɡɪdʒ/,行李,3,高频|四级|旅行,Don't forget your luggage.
lump,n,/lʌmp/,块、块、肿块,4,高频|六级,She found a lump in her breast.
lunch,n,/lʌntʃ/,午餐,1,高频|高考,We had lunch together.
lung,n,/lʌŋ/,肺,4,高频|六级,Smoking damages your lungs.
luxury,n/adj,/ˈlʌkʃəri/,奢侈,5,高频|六级,She lives a life of luxury.
machine,n,/məˈʃiːn/,机器,3,高频|四级,The machine is broken.
mad,adj,/mæd/,疯狂的、疯狂的、生气的,3,高频|四级,Don't be mad at me.
magazine,n,/ˌmæɡəˈziːn/,杂志,2,高频|四级,She reads fashion magazines.
magic,adj/n,/ˈmædʒɪk/,魔术的、魔术的、魔法,3,高频|四级,The magic show was amazing.
main,adj,/meɪn/,主要的,2,高频|四级,What's the main idea?
maintain,v,/meɪnˈteɪn/,维持,4,高频|六级,Maintain a healthy diet.
major,adj/n,/ˈmeɪdʒər/,主要的、主要的、专业,3,高频|四级,She is a major shareholder.
majority,n,/məˈdʒɒrəti/,多数,4,高频|六级,The majority of students passed.
make,v,/meɪk/,制作,1,高频|高考,Make a wish.
male,adj/n,/meɪl/,男性的,3,高频|四级,The male and female roles are different.
man,n,/mæn/,男人,1,高频|高考,The man is her father.
manage,v,/ˈmænɪdʒ/,管理,3,高频|四级,She manages the hotel.
manner,n,/ˈmænər/,方式、方式、态度,4,高频|六级,He spoke in a polite manner.
manufacture,v/n,/ˌmænjuˈfæktʃər/,制造,5,高频|六级|商务,The factory manufactures cars.
many,adj,/ˈmeni/,许多,1,高频|高考,Many people enjoy traveling.
map,n,/mæp/,地图,2,高频|四级,Draw a map of your neighborhood.
march,v/n,/mɑːrtʃ/,前进,3,高频|四级,The soldiers marched forward.
mark,n/v,/mɑːrk/,标记,2,高频|四级,Mark the calendar for the event.
market,n/v,/ˈmɑːrkɪt/,市场,2,高频|四级|商务,The stock market is volatile.
marriage,n,/ˈmærɪdʒ/,婚姻,3,高频|四级,They have a happy marriage.
marry,v,/ˈmæri/,结婚,3,高频|四级,She married her college sweetheart.
mass,n/adj,/mæs/,大量,3,高频|四级,Mass production lowered the cost.
master,n/v,/ˈmɑːstər/,主人、主人、掌握,4,高频|六级,She mastered three languages.
match,n/v,/mætʃ/,比赛、比赛、匹配,3,高频|四级,The match starts at 7 PM.
mate,n,/meɪt/,同伴,4,高频|六级,He's my best mate.
material,n,/məˈtɪəriəl/,材料,3,高频|四级,Building materials are expensive.
matter,n/v,/ˈmætər/,事情、事情、重要,2,高频|四级,What's the matter?
mature,adj/v,/məˈtʃʊr/,成熟的,5,高频|六级,She is very mature for her age.
maximum,adj/n,/ˈmæksɪməm/,最大,5,高频|六级,The maximum speed is 120 km/h.
mean,v/adj,/miːn/,意思是、意思是、吝啬的,1,高频|高考,What does this word mean?
meaning,n,/ˈmiːnɪŋ/,意义,3,高频|四级,What's the meaning of life?
meanwhile,adv,/ˈmiːnwaɪl/,同时、同时,3,高频,Meanwhile  the storm continued.
measure,v/n,/ˈmeʒər/,测量、测量、措施,3,高频|四级,Measure the length carefully.
meat,n,/miːt/,肉,1,高频|高考,I don't eat meat.
media,n,/ˈmiːdiə/,媒体,4,高频|六级,The media reported the news.
medical,adj,/ˈmedɪkl/,医学的,4,高频|六级,She needed medical treatment.
medicine,n,/ˈmedsn/,药、药、医学,3,高频|四级,Take your medicine after meals.
medium,adj/n,/ˈmiːdiəm/,中等的、中等的、媒介,5,高频|六级,She likes medium rare steak.
meet,v,/miːt/,见面,1,高频|高考,Nice to meet you.
melt,v,/melt/,融化,3,高频|四级,The snow melted quickly.
member,n,/ˈmembər/,成员,1,高频|高考,She is a member of the club.
memory,n,/ˈmeməri/,记忆,3,高频|四级,She has a good memory.
mental,adj,/ˈmentl/,精神的,4,高频|六级,Mental health is important.
mention,v,/ˈmenʃn/,提及,3,高频|四级,She mentioned your name.
menu,n,/ˈmenjuː/,菜单、菜单,3,高频,May I see the menu  please?
mercy,n,/ˈmɜːrsi/,仁慈,5,高频|六级,He begged for mercy.
mere,adj,/mɪər/,仅仅的,5,高频|六级,It was a mere coincidence.
merit,n/v,/ˈmerɪt/,优点,5,高频|六级,Each plan has its merits.
mess,n,/mes/,混乱,3,高频|四级,The room is a mess.
message,n,/ˈmesɪdʒ/,消息,1,高频|高考,Send me a message.
metal,n,/ˈmetl/,金属,3,高频|四级,Gold is a precious metal.
method,n,/ˈmeθəd/,方法,3,高频|四级,This is an effective method.
middle,adj/n,/ˈmɪdl/,中间的,2,高频|四级,She sat in the middle row.
might,v/aux,/maɪt/,可能,3,高频|四级,It might rain tomorrow.
mild,adj,/maɪld/,温和的,4,高频|六级,The weather is mild today.
military,adj/n,/ˈmɪləteri/,军事的、军事的、军队,5,高频|六级,Military service is mandatory.
milk,n/v,/mɪlk/,牛奶,1,高频|高考,Drink a glass of milk.
mind,n/v,/maɪnd/,头脑、头脑、介意,2,高频|四级,Keep your mind open.
mine,n/pron,/maɪn/,我的、我的、矿,2,高频|四级,This book is mine.
mineral,n/adj,/ˈmɪnərəl/,矿物,5,高频|六级,The water is rich in minerals.
minister,n,/ˈmɪnɪstər/,部长,5,高频|六级,The foreign minister visited China.
minor,adj,/ˈmaɪnər/,较小的,4,高频|六级,It's a minor issue.
minority,n,/maɪˈnɒrəti/,少数,5,高频|六级,The minority has its rights.
minute,n,/ˈmɪnɪt/,分钟,1,高频|高考,Wait a minute.
mirror,n/v,/ˈmɪrər/,镜子,3,高频|四级,She looked at herself in the mirror.
miserable,adj,/ˈmɪzrəbl/,痛苦的,5,高频|六级,He felt miserable after the breakup.
miss,v,/mɪs/,想念、想念、错过,1,高频|高考,I miss my family.
missile,n,/ˈmɪsaɪl/,导弹,5,高频|六级,The missile was intercepted.
mission,n,/ˈmɪʃn/,任务,4,高频|六级,The mission was accomplished.
mistake,n,/mɪˈsteɪk/,错误,2,高频|四级,Everyone makes mistakes.
mix,v/n,/mɪks/,混合,3,高频|四级,Mix the ingredients well.
mobile,adj,/ˈmoʊbl/,移动的,4,高频|六级,Mobile phones are everywhere.
mode,n,/moʊd/,模式,5,高频|六级,Switch the camera to portrait mode.
model,n/v,/ˈmɒdl/,模型,3,高频|四级,She is a fashion model.
moderate,adj/v,/ˈmɒdərət/,适度的,5,高频|六级,Moderate exercise is good for health.
modern,adj,/ˈmɒdn/,现代的,2,高频|四级,Modern art can be confusing.
modest,adj,/ˈmɒdɪst/,谦虚的,4,高频|六级,She is modest about her achievements.
modify,v,/ˈmɒdɪfaɪ/,修改,5,高频|六级,Please modify the document.
moment,n,/ˈmoʊmənt/,时刻,1,高频|高考,Wait a moment.
monitor,v/n,/ˈmɒnɪtər/,监测,3,高频|四级,Monitor the progress closely.
month,n,/mʌnθ/,月,1,高频|高考,I'll see you next month.
mood,n,/muːd/,心情,3,高频|四级,She's in a good mood.
moral,adj/n,/ˈmɒrəl/,道德的、道德的、道德,4,高频|六级,He has strong moral principles.
morale,n,/məˈrɑːl/,士气,5,高频|六级,The team's morale is high.
more,adj/adv,/mɔːr/,更多的,1,高频|高考,I want more time.
morning,n,/ˈmɔːrnɪŋ/,早晨,1,高频|高考,Good morning!
mortal,adj,/ˈmɔːrtl/,致命的,5,高频|六级,Mortal danger is rare in modern life.
mortgage,n/v,/ˈmɔːrɡɪdʒ/,抵押贷款,5,高频|六级|商务,They paid off their mortgage.
most,adj/adv,/moʊst/,最多的,1,高频|高考,Most people like music.
mother,n,/ˈmʌðər/,母亲,1,高频|高考,My mother is a teacher.
motion,n,/ˈmoʊʃn/,运动、运动、动作,4,高频|六级,The motion was carried.
motivate,v,/ˈmoʊtɪveɪt/,激励,5,高频|六级,Her success motivated me.
motor,n,/ˈmoʊtər/,发动机,3,高频|四级,The motor needs repair.
mount,v,/maʊnt/,登上,4,高频|六级,He mounted the horse.
mountain,n,/ˈmaʊntn/,山,2,高频|四级,The mountain is covered in snow.
mouse,n,/maʊs/,老鼠、老鼠、鼠标,1,高频|高考,The mouse ran across the floor.
move,v/n,/muːv/,移动、移动、搬家,1,高频|高考,Let's move the table.
movement,n,/ˈmuːvmənt/,运动,3,高频|四级,The civil rights movement changed history.
movie,n,/ˈmuːvi/,电影,1,高频|高考,We watched a movie last night.
much,adj/adv,/mʌtʃ/,许多,1,高频|高考,How much does it cost?
mud,n,/mʌd/,泥,3,高频|四级,The car got stuck in the mud.
multiple,adj,/ˈmʌltɪpl/,多个的,4,高频|六级,She has multiple talents.
murder,n/v,/ˈmɜːrdər/,谋杀,5,高频|六级,He was convicted of murder.
muscle,n,/ˈmʌsl/,肌肉,3,高频|四级,Exercise builds muscle.
museum,n,/mjuːˈziːəm/,博物馆,2,高频|四级,We visited the art museum.
music,n,/ˈmjuːzɪk/,音乐,1,高频|高考,She loves classical music.
musician,n,/mjuˈzɪʃn/,音乐家,3,高频|四级,He is a talented musician.
Muslim,n/adj,/ˈmʌzlɪm/,穆斯林,5,高频|六级,Muslim culture is diverse.
must,v/aux,/mʌst/,必须,2,高频|四级,You must study harder.
mutual,adj,/ˈmjuːtʃuəl/,相互的,5,高频|六级,We have mutual respect.
myself,pron,/maɪˈself/,我自己,1,高频|高考,I can do it myself.
mystery,n,/ˈmɪstri/,神秘,4,高频|六级,It remains a mystery.
myth,n,/mɪθ/,神话,4,高频|六级, Greek myths are fascinating.
nail,n/v,/neɪl/,指甲、指甲、钉,3,高频|四级,She painted her nails red.
naked,adj,/ˈneɪkɪd/,赤裸的,4,高频|六级,The truth was laid naked.
narrow,adj,/ˈnæroʊ/,狭窄的,3,高频|四级,The street is very narrow.
nasty,adj,/ˈnɑːsti/,令人不快的,5,高频|六级,That was a nasty trick.
nation,n,/ˈneɪʃn/,国家、国家、民族,3,高频|四级,The nation celebrates its independence.
national,adj,/ˈnæʃnəl/,国家的,3,高频|四级,This is a national holiday.
native,adj/n,/ˈneɪtɪv/,本地的、本地的、本地人,4,高频|六级,English is her native language.
natural,adj,/ˈnætʃərəl/,自然的,3,高频|四级,She has natural beauty.
nature,n,/ˈneɪtʃər/,自然、自然、本性,3,高频|四级,We love nature.
navy,n/adj,/ˈneɪvi/,海军,5,高频|六级,He served in the navy.
near,adj/prep,/nɪər/,近的,1,高频|高考,The school is near my house.
nearby,adj/adv,/ˌnɪərˈbaɪ/,附近的,2,高频|四级,There's a restaurant nearby.
nearly,adv,/ˈnɪərli/,几乎,3,高频|四级,It's nearly midnight.
neat,adj,/niːt/,整洁的,3,高频|四级,Her desk is always neat.
necessary,adj,/ˈnesəseri/,必要的,3,高频|四级,Rest is necessary for health.
need,n/v,/niːd/,需要,1,高频|高考,I need your help.
needle,n,/ˈniːdl/,针,4,高频|六级,The needle is very thin.
negative,adj,/ˈneɡətɪv/,消极的、消极的、否定的,4,高频|六级,Don't be so negative.
neglect,v,/nɪˈɡlekt/,忽视,5,高频|六级,Don't neglect your health.
negotiate,v,/nɪˈɡoʊʃieɪt/,谈判,5,高频|六级|商务,We need to negotiate the price.
neighbor,n,/ˈneɪbər/,邻居,2,高频|四级,My neighbor is very friendly.
neither,adj/pron,/ˈnaɪðər/,两者都不,3,高频|四级,Neither answer is correct.
nephew,n,/ˈnefjuː/,侄子,3,高频|四级,My nephew is 5 years old.
nerve,n,/nɜːrv/,神经、神经、勇气,4,高频|六级,He lost his nerve before the exam.
nervous,adj,/ˈnɜːrvəs/,紧张的,3,高频|四级,She felt nervous before the interview.
net,n/adj,/net/,网、网、净的,3,高频|四级,The net weight is 500 grams.
network,n/v,/ˈnetwɜːrk/,网络,4,高频|六级,Build a strong network.
never,adv,/ˈnevər/,从不,1,高频|高考,Never give up.
new,adj,/nuː/,新的,1,高频|高考,She bought a new car.
news,n,/nuːz/,新闻,1,高频|高考,Did you hear the news?
newspaper,n,/ˈnuːzpeɪpər/,报纸,2,高频|四级,Read the newspaper every day.
next,adj/adv,/nekst/,下一个,1,高频|高考,See you next week.
nice,adj,/naɪs/,美好的,1,高频|高考,Have a nice day!
niece,n,/niːs/,侄女,3,高频|四级,My niece loves dancing.
night,n,/naɪt/,夜晚,1,高频|高考,Good night!
noble,adj/n,/ˈnoʊbl/,高尚的、高尚的、贵族,5,高频|六级,She has a noble heart.
nod,v/n,/nɒd/,点头,3,高频|四级,He nodded in agreement.
noise,n,/nɔɪz/,噪音,2,高频|四级,Don't make noise.
none,pron,/nʌn/,没有一个,3,高频|四级,None of them came.
nonsense,n,/ˈnɒnsens/,胡说,4,高频|六级,That's nonsense.
noon,n,/nuːn/,中午,2,高频|四级,We met at noon.
nor,conj,/nɔːr/,也不,3,高频|四级,Neither she nor I knew.
normal,adj,/ˈnɔːrml/,正常的,3,高频|四级,It's normal to feel nervous.
north,n/adj,/nɔːrθ/,北方,2,高频|四级,They traveled north.
nose,n,/noʊz/,鼻子,2,高频|四级,My nose is running.
note,n/v,/noʊt/,笔记,3,高频|四级,Take notes during the lecture.
nothing,pron,/ˈnʌθɪŋ/,没有什么,1,高频|高考,There's nothing to worry about.
notice,v/n,/ˈnoʊtɪs/,注意,3,高频|四级,Did you notice the change?
notify,v,/ˈnoʊtɪfaɪ/,通知,4,高频|六级,Please notify me of any updates.
notion,n,/ˈnoʊʃn/,观念,5,高频|六级|雅思,She has a strange notion about time.
novel,n/adj,/ˈnɒvl/,小说、小说、新颖的,4,高频|六级,She wrote a romantic novel.
now,adv,/naʊ/,现在,1,高频|高考,Do it now.
nowadays,adv,/ˈnaʊədeɪz/,如今、如今,3,高频,Nowadays  people use smartphones.
nowhere,adv,/ˈnoʊweər/,无处,3,高频|四级,He went nowhere special.
nuclear,adj,/ˈnuːkliər/,核能的,5,高频|六级,Nuclear energy is controversial.
nuisance,n,/ˈnuːsns/,讨厌的人,5,高频|六级,The noise is a real nuisance.
number,n/v,/ˈnʌmbər/,数字,2,高频|四级,What's your phone number?
numerous,adj,/ˈnuːmərəs/,众多的,5,高频|六级,There are numerous reasons.
nurse,n/v,/nɜːrs/,护士,2,高频|四级,She works as a nurse.
nut,n,/nʌt/,坚果,3,高频|四级,Eat nuts for a healthy snack.
obey,v,/oʊˈbeɪ/,服从,4,高频|六级,Obey the rules.
object,n/v,/ˈɒbdʒɪkt/,物体、物体、反对,4,高频|六级,She objected to the proposal.
objective,n/adj,/əbˈdʒektɪv/,目标、目标、客观的,5,高频|六级|雅思,Set clear objectives.
obligation,n,/ˌɒblɪˈɡeɪʃn/,义务,5,高频|六级|雅思,You have an obligation to pay taxes.
observe,v,/əbˈzɜːrv/,观察,4,高频|六级,Observe the changes carefully.
obstacle,n,/ˈɒbstəkl/,障碍,5,高频|六级,Overcome the obstacles.
obtain,v,/əbˈteɪn/,获得,4,高频|六级,He obtained a degree in law.
obvious,adj,/ˈɒbviəs/,明显的,3,高频|四级,The answer is obvious.
occasion,n,/əˈkeɪʒn/,场合,4,高频|六级,This is a special occasion.
occupy,v,/ˈɒkjupaɪ/,占据,4,高频|六级,The army occupied the city.
occur,v,/əˈkɜːr/,发生,4,高频|六级,The accident occurred last night.
ocean,n,/ˈoʊʃn/,海洋,3,高频|四级,The ocean is vast and deep.
odd,adj,/ɒd/,奇怪的,3,高频|四级,It's an odd coincidence.
offense,n,/əˈfens/,犯罪、犯罪、冒犯,5,高频|六级,Driving without a license is an offense.
offensive,adj,/əˈfensɪv/,冒犯的,5,高频|六级,His comments were offensive.
offer,v/n,/ˈɒfər/,提供,3,高频|四级,She offered me a job.
office,n,/ˈɒfɪs/,办公室,1,高频|高考,He works in an office.
officer,n,/ˈɒfɪsər/,军官、军官、官员,3,高频|四级,The police officer was kind.
official,adj/n,/əˈfɪʃl/,正式的、正式的、官员,4,高频|六级,The official announcement was made.
often,adv,/ˈɒfn/,经常,1,高频|高考,We often go hiking.
oil,n/v,/ɔɪl/,油,2,高频|四级,Olive oil is healthy.
okay,adj/adv,/oʊˈkeɪ/,好的,1,高频|高考,Are you okay?
old,adj,/oʊld/,年老的、年老的、旧的,1,高频|高考,She has an old friend.
once,adv,/wʌns/,一次,1,高频|高考,I went there once.
one,num,/wʌn/,一,1,高频|高考,One plus one equals two.
ongoing,adj,/ˈɒnɡoʊɪŋ/,进行中的,5,高频|六级,This is an ongoing project.
online,adj/adv,/ˌɒnˈlaɪn/,在线的,3,高频|四级,Shop online for convenience.
only,adv/adj,/ˈoʊnli/,仅仅,1,高频|高考,Only five people came.
onto,prep,/ˈɒntuː/,到...上,1,高频|高考,He jumped onto the platform.
open,adj/v,/ˈoʊpən/,打开,1,高频|高考,The store is open.
operate,v,/ˈɒpəreɪt/,操作,4,高频|六级,Operate the machine carefully.
opinion,n,/əˈpɪnjən/,意见、意见,3,高频,In my opinion  it's a good idea.
opportunity,n,/ˌɒpərˈtjuːnəti/,机会,3,高频|四级,Don't miss this opportunity.
oppose,v,/əˈpoʊz/,反对,4,高频|六级,She opposed the new law.
opposite,adj/n,/ˈɒpəzɪt/,相反的、相反的、对立面,3,高频|四级,He sat on the opposite side.
oppress,v,/əˈpres/,压迫,5,高频|六级,The people were oppressed.
option,n,/ˈɒpʃn/,选择,4,高频|六级,There are three options.
optional,adj,/ˈɒpʃənl/,可选的,4,高频|六级,The tour is optional.
oral,adj,/ˈɔːrəl/,口头的,4,高频|六级,She gave an oral presentation.
orange,n/adj,/ˈɒrɪndʒ/,橙子,2,高频|四级,Orange juice is refreshing.
orbit,n/v,/ˈɔːrbɪt/,轨道、轨道、环绕,5,高频|六级,The satellite is in orbit.
order,n/v,/ˈɔːrdər/,顺序、顺序、命令,1,高频|高考,Put them in order.
ordinary,adj,/ˈɔːrdneri/,普通的,3,高频|四级,It was an ordinary day.
organ,n,/ˈɔːrɡən/,器官,5,高频|六级,The heart is a vital organ.
organize,v,/ˈɔːrɡənaɪz/,组织,3,高频|四级,Organize your thoughts clearly.
origin,n,/ˈɒrɪdʒɪn/,起源,4,高频|六级,What is the origin of the word?
original,adj/n,/əˈrɪdʒənl/,原始的、原始的、原作,4,高频|六级,This is the original plan.
other,adj/pron,/ˈʌðər/,其他的,1,高频|高考,Do you have other questions?
otherwise,adv,/ˈʌðərwaɪz/,否则、否则,4,高频,Hurry up  otherwise we'll be late.
ought,v/aux,/ɔːt/,应该,4,高频|六级,You ought to apologize.
ours,pron,/ˈaʊərz/,我们的,2,高频|四级,This house is ours.
ourselves,pron,/ˌaʊərˈselvz/,我们自己,2,高频|四级,We did it ourselves.
out,adv,/aʊt/,在外,1,高频|高考,Go out and play.
outcome,n,/ˈaʊtkʌm/,结果,5,高频|六级,The outcome was unexpected.
outdoor,adj,/ˈaʊtdɔːr/,户外的,4,高频|六级,We love outdoor activities.
outline,n/v,/ˈaʊtlaɪn/,大纲、大纲、概述,4,高频|六级,Outline the main points.
output,n/v,/ˈaʊtpʊt/,产出,4,高频|六级,The factory's output doubled.
outrage,n/v,/ˈaʊtreɪdʒ/,愤慨,5,高频|六级,The decision caused public outrage.
outside,adv/n,/ˌaʊtˈsaɪd/,外面,1,高频|高考,Wait outside.
outstanding,adj,/aʊtˈstændɪŋ/,杰出的,4,高频|六级,She is an outstanding student.
oven,n,/ˈʌvn/,烤箱,3,高频|四级,Preheat the oven.
over,prep/adv,/ˈoʊvər/,在...上方,1,高频|高考,The plane flew over the city.
overall,adj,/ˌoʊvərˈɔːl/,总体的,4,高频|六级,The overall result is positive.
overcome,v,/ˌoʊvərˈkʌm/,克服,4,高频|六级,Overcome your fears.
overlook,v,/ˌoʊvərˈlʊk/,忽视、忽视、俯瞰,4,高频|六级,Don't overlook the details.
overnight,adv/adj,/ˌoʊvərˈnaɪt/,一夜之间,3,高频|四级,The town changed overnight.
overseas,adj/adv,/ˌoʊvərˈsiːz/,海外的,3,高频|四级,She studied overseas.
overtime,adv/n,/ˈoʊvərtaɪm/,超时、超时、加班,4,高频|六级,He worked overtime to finish the job.
owe,v,/oʊ/,欠、欠、感激,3,高频|四级,I owe you a favor.
own,adj/v,/oʊn/,自己的、自己的、拥有,1,高频|高考,This is my own car.
owner,n,/ˈoʊnər/,所有者,3,高频|四级,He is the owner of the company.
oxygen,n,/ˈɒksɪdʒən/,氧气,4,高频|六级,Plants produce oxygen.
pace,n/v,/peɪs/,步伐,3,高频|四级,Walk at a steady pace.
pack,v/n,/pæk/,打包,3,高频|四级,Pack your bags for the trip.
package,n/v,/ˈpækɪdʒ/,包裹,3,高频|四级|商务,The package arrived on time.
page,n,/peɪdʒ/,页,1,高频|高考,Turn to page 10.
pain,n,/peɪn/,痛苦,3,高频|四级,She felt a sharp pain.
paint,n/v,/peɪnt/,油漆、油漆、绘画,2,高频|四级,She paints beautiful pictures.
painter,n,/ˈpeɪntər/,画家、画家、油漆工,3,高频|四级,He is a famous painter.
painting,n,/ˈpeɪntɪŋ/,画,3,高频|四级,The painting is on the wall.
pair,n,/peər/,一对,1,高频|高考,I bought a pair of shoes.
palace,n,/ˈpæləs/,宫殿,3,高频|四级,The palace is open to visitors.
pale,adj,/peɪl/,苍白的,4,高频|六级,She turned pale with fear.
palm,n,/pɑːm/,手掌,4,高频|六级,He wiped his palm on his pants.
pan,n,/pæn/,平底锅,3,高频|四级,Heat the pan first.
panel,n,/ˈpænl/,面板,4,高频|六级,The panel discussed the issue.
panic,n/v,/ˈpænɪk/,恐慌,4,高频|六级,Don't panic.
pants,n,/pænts/,裤子,2,高频|四级,These pants are too tight.
paper,n,/ˈpeɪpər/,纸、纸、文件,1,高频|高考,Write it on paper.
parade,n/v,/pəˈreɪd/,游行,4,高频|六级,The parade was colorful.
paradise,n,/ˈpærədaɪs/,天堂,5,高频|六级,The island is a paradise.
paragraph,n,/ˈpærəɡrɑːf/,段落,3,高频|四级,Read the first paragraph.
parallel,adj,/ˈpærəlel/,平行的,5,高频|六级,Two parallel lines never meet.
pardon,n/v,/ˈpɑːrdn/,原谅,4,高频|六级,I beg your pardon.
parent,n,/ˈpeərənt/,父母,1,高频|高考,Her parents are teachers.
park,n/v,/pɑːrk/,公园、公园、停放,1,高频|高考,Let's go to the park.
parliament,n,/ˈpɑːrləmənt/,议会,5,高频|六级,Parliament passed the law.
part,n/v,/pɑːrt/,部分,1,高频|高考,This is the best part.
participate,v,/pɑːrˈtɪsɪpeɪt/,参与,4,高频|六级,Everyone can participate.
particular,adj,/pərˈtɪkjələr/,特定的,4,高频|六级,Are you looking for anything particular?
partly,adv,/ˈpɑːrtli/,部分地,4,高频|六级,The failure was partly due to bad luck.
partner,n,/ˈpɑːrtnər/,伙伴,3,高频|四级|商务,He is my business partner.
party,n,/ˈpɑːrti/,聚会、聚会、党派,1,高频|高考,We had a party last night.
pass,v/n,/pɑːs/,通过、通过、传递,1,高频|高考,She passed the exam.
passage,n,/ˈpæsɪdʒ/,通道、通道、段落,4,高频|六级,Read the passage carefully.
passenger,n,/ˈpæsɪndʒər/,乘客,3,高频|四级|旅行,The passenger got off the train.
passion,n,/ˈpæʃn/,热情,4,高频|六级,She has a passion for music.
passive,adj,/ˈpæsɪv/,被动的,5,高频|六级,He has a passive attitude.
passport,n,/ˈpɑːspɔːrt/,护照,2,高频|四级|旅行,Don't forget your passport.
past,adj/n,/pɑːst/,过去的,1,高频|高考,The past is gone.
paste,n/v,/peɪst/,粘贴、粘贴、浆糊,3,高频|四级,Paste the photo here.
path,n,/pɑːθ/,小路,3,高频|四级,Follow the path through the forest.
patience,n,/ˈpeɪʃns/,耐心,3,高频|四级,Patience is a virtue.
patient,n/adj,/ˈpeɪʃnt/,病人、病人、耐心的,3,高频|四级,The patient is recovering.
patrol,n/v,/pəˈtroʊl/,巡逻,5,高频|六级,The guard patrols at night.
pattern,n,/ˈpætərn/,模式,4,高频|六级,Follow the same pattern.
pause,v/n,/pɔːz/,暂停,3,高频|四级,He paused before answering.
pay,v/n,/peɪ/,支付,1,高频|高考,How much did you pay?
payment,n,/ˈpeɪmənt/,付款,4,高频|六级|商务,Make the payment by Friday.
peace,n,/piːs/,和平,3,高频|四级,World peace is everyone's wish.
peak,n,/piːk/,顶峰,4,高频|六级,The mountain peak is covered with snow.
peasant,n,/ˈpeznt/,农民,5,高频|六级,The peasants worked hard in the fields.
peer,n/v,/pɪər/,同龄人、同龄人、凝视,5,高频|六级,Children learn from their peers.
penalty,n,/ˈpenəlti/,处罚,5,高频|六级,He paid a heavy penalty.
pension,n,/ˈpenʃn/,养老金,5,高频|六级|商务,She lives on a pension.
people,n,/ˈpiːpl/,人们,1,高频|高考,People are friendly here.
pepper,n,/ˈpepər/,胡椒,3,高频|四级,Add some pepper to the soup.
per,prep,/pər/,每,3,高频|四级,The rent is $500 per month.
perceive,v,/pərˈsiːv/,察觉,5,高频|六级|雅思,How do you perceive the situation?
percent,n,/pərˈsent/,百分比,3,高频|四级,50 percent of students passed.
percentage,n,/pərˈsentɪdʒ/,百分率,4,高频|六级,The percentage of women in the workforce is rising.
perfect,adj,/ˈpɜːrfɪkt/,完美的,2,高频|四级,Her English is perfect.
perform,v,/pərˈfɔːrm/,表演、表演、执行,3,高频|四级,She performed well on stage.
perhaps,adv,/pərˈhæps/,也许,2,高频|四级,Perhaps it will rain.
period,n,/ˈpɪəriəd/,时期,3,高频|四级,The period was difficult.
permanent,adj,/ˈpɜːrmənənt/,永久的,4,高频|六级,He got a permanent job.
permission,n,/pərˈmɪʃn/,许可,3,高频|四级,Do I have your permission?
permit,v/n,/pərˈmɪt/,允许,4,高频|六级,Smoking is not permitted here.
person,n,/ˈpɜːrsn/,人,1,高频|高考,She is a kind person.
personal,adj,/ˈpɜːrsənl/,个人的,3,高频|四级,This is my personal opinion.
personality,n,/ˌpɜːrsəˈnæləti/,个性,4,高频|六级,She has a charming personality.
perspective,n,/pərˈspektɪv/,观点、观点,5,高频,From my perspective  it works.
persuade,v,/pərˈsweɪd/,说服,4,高频|六级,She persuaded him to join.
pet,n,/pet/,宠物,2,高频|四级,We have a pet dog.
phase,n,/feɪz/,阶段,4,高频|六级,The project is in its final phase.
phenomenon,n,/fɪˈnɒmɪnən/,现象,5,高频|六级|雅思,This is a natural phenomenon.
philosophy,n,/fəˈlɒsəfi/,哲学,5,高频|六级|雅思,She studies philosophy.
phone,n/v,/foʊn/,电话,1,高频|高考,Answer the phone.
photo,n,/ˈfoʊtoʊ/,照片,1,高频|高考,She took a photo.
phrase,n,/freɪz/,短语,3,高频|四级,Learn common English phrases.
physical,adj,/ˈfɪzɪkl/,身体的,4,高频|六级,Physical exercise is important.
physics,n,/ˈfɪzɪks/,物理,3,高频|四级,She is good at physics.
piano,n,/piˈænoʊ/,钢琴,2,高频|四级,She plays the piano.
pick,v,/pɪk/,挑选,2,高频|四级,Pick a number from 1 to 10.
picture,n,/ˈpɪktʃər/,图片,1,高频|高考,Take a picture.
piece,n,/piːs/,片,1,高频|高考,A piece of cake.
pig,n,/pɪɡ/,猪,2,高频|四级,The pig rolled in the mud.
pile,n/v,/paɪl/,堆,3,高频|四级,A pile of books is on the desk.
pill,n,/pɪl/,药丸,4,高频|六级,Take two pills a day.
pilot,n/v,/ˈpaɪlət/,飞行员,4,高频|六级,The pilot landed the plane safely.
pin,n/v,/pɪn/,别针,3,高频|四级,She pinned the badge to her shirt.
pinch,v/n,/pɪntʃ/,捏,4,高频|六级,Pinch the dough into small pieces.
pine,n,/paɪn/,松树,3,高频|四级,The pine trees are tall.
pink,adj/n,/pɪŋk/,粉色的,2,高频|四级,She wore a pink dress.
pioneer,n/v,/ˌpaɪəˈnɪər/,先锋,5,高频|六级,She is a pioneer in science.
pipe,n,/paɪp/,管道,4,高频|六级,The pipe is leaking.
place,n/v,/pleɪs/,地方、地方、放置,1,高频|高考,This is a nice place.
plain,adj/n,/pleɪn/,简单的、简单的、平原,4,高频|六级,The answer is plain and simple.
plan,n/v,/plæn/,计划,1,高频|高考,Make a plan first.
plane,n,/pleɪn/,飞机,1,高频|高考,The plane took off.
planet,n,/ˈplænɪt/,行星,3,高频|四级,Earth is a planet.
plant,n/v,/plɑːnt/,植物、植物、种植,2,高频|四级,Water the plants regularly.
plastic,n/adj,/ˈplæstɪk/,塑料,3,高频|四级,Plastic is harmful to the environment.
plate,n,/pleɪt/,盘子,2,高频|四级,Put the plate on the table.
platform,n,/ˈplætfɔːrm/,平台,4,高频|六级,The train arrives at platform 3.
play,v/n,/pleɪ/,玩,1,高频|高考,Children love to play.
player,n,/ˈpleɪər/,玩家、玩家、运动员,2,高频|四级,He is a football player.
please,v,/pliːz/,请,1,高频|高考,Please sit down.
pleased,adj,/pliːzd/,高兴的,2,高频|四级,I'm pleased to meet you.
pleasure,n,/ˈpleʒər/,快乐,3,高频|四级,It's my pleasure.
plenty,n,/ˈplenti/,大量,3,高频|四级,There's plenty of food.
plot,n/v,/plɒt/,情节、情节、密谋,4,高频|六级,The plot of the movie is complex.
plug,n/v,/plʌg/,插头、插头、塞住,3,高频|四级,Plug in the charger.
plunge,v,/plʌndʒ/,跳入,5,高频|六级,The stock market plunged.
pocket,n/adj,/ˈpɒkɪt/,口袋,3,高频|四级,Put your hands in your pockets.
poem,n,/ˈpoʊəm/,诗,3,高频|四级,She wrote a beautiful poem.
poet,n,/ˈpoʊət/,诗人,4,高频|六级,He is a famous poet.
poetry,n,/ˈpoʊətri/,诗歌,4,高频|六级,She loves reading poetry.
point,n/v,/pɔɪnt/,点、点、指向,1,高频|高考,That's a good point.
poison,n/v,/ˈpɔɪzn/,毒药,4,高频|六级,The food contained poison.
police,n,/pəˈliːs/,警察,2,高频|四级,Call the police.
policy,n,/ˈpɒləsi/,政策,4,高频|六级|商务,The policy was changed.
polish,v/adj,/ˈpɒlɪʃ/,抛光、抛光、波兰的,4,高频|六级,Polish the silver carefully.
polite,adj,/pəˈlaɪt/,有礼貌的,2,高频|四级,Be polite to others.
political,adj,/pəˈlɪtɪkl/,政治的,4,高频|六级,The political situation is tense.
politics,n,/ˈpɒlətɪks/,政治,4,高频|六级,She is interested in politics.
pollute,v,/pəˈluːt/,污染,5,高频|六级,Factories pollute the air.
pollution,n,/pəˈluːʃn/,污染,4,高频|六级,Air pollution is a serious problem.
pond,n,/pɒnd/,池塘,3,高频|四级,The ducks swim in the pond.
pool,n,/puːl/,水池,2,高频|四级,Let's go to the swimming pool.
poor,adj,/pʊr/,贫穷的、贫穷的、可怜的,1,高频|高考,The poor family needs help.
pop,adj/v,/pɒp/,流行的,1,高频|高考,Pop music is popular.
popular,adj,/ˈpɒpjələr/,受欢迎的,2,高频|四级,She is a popular singer.
population,n,/ˌpɒpjuˈleɪʃn/,人口,3,高频|四级,The population is growing.
port,n,/pɔːrt/,港口,4,高频|六级|旅行,The ship arrived at the port.
portion,n,/ˈpɔːrʃn/,部分,4,高频|六级,Save a portion for later.
portrait,n,/ˈpɔːrtrət/,肖像,5,高频|六级,The artist painted a portrait.
pose,v,/poʊz/,摆姿势、摆姿势、提出,5,高频|六级,She posed for the camera.
position,n,/pəˈzɪʃn/,位置,3,高频|四级,What is your position on this issue?
positive,adj,/ˈpɒzətɪv/,积极的,4,高频|六级,Stay positive.
possess,v,/pəˈzes/,拥有,5,高频|六级,He possesses great talent.
possibility,n,/ˌpɒsəˈbɪləti/,可能性,4,高频|六级,Consider all the possibilities.
possible,adj,/ˈpɒsəbl/,可能的,2,高频|四级,Is it possible to finish today?
post,n/v,/poʊst/,邮件、邮件、邮寄,3,高频|四级,She posted a letter.
postpone,v,/poʊstˈpoʊn/,推迟,4,高频|六级,The meeting was postponed.
pot,n,/pɒt/,锅,3,高频|四级,The pot is on the stove.
potato,n,/pəˈteɪtoʊ/,土豆,2,高频|四级,I like mashed potatoes.
potential,adj/n,/pəˈtenʃl/,潜在的、潜在的、潜能,5,高频|六级|雅思,She has great potential.
pour,v,/pɔːr/,倒,3,高频|四级,Pour the water into the glass.
poverty,n,/ˈpɒvəti/,贫困,5,高频|六级,Many people live in poverty.
powder,n,/ˈpaʊdər/,粉末,4,高频|六级,Add baking powder to the mixture.
power,n/v,/ˈpaʊər/,力量,3,高频|四级,Knowledge is power.
powerful,adj,/ˈpaʊərfl/,强大的,4,高频|六级,She is a powerful speaker.
practical,adj,/ˈpræktɪkl/,实际的,4,高频|六级,This is a practical solution.
practice,n/v,/ˈpræktɪs/,练习,3,高频|四级,Practice makes perfect.
praise,n/v,/preɪz/,赞扬,3,高频|四级,She received high praise.
pray,v,/preɪ/,祈祷,4,高频|六级,We pray for peace.
preach,v,/priːtʃ/,宣讲,5,高频|六级,Don't preach to me.
precede,v,/prɪˈsiːd/,先于,5,高频|六级,The meeting preceded the dinner.
precious,adj,/ˈpreʃəs/,珍贵的,4,高频|六级,Time is precious.
precise,adj,/prɪˈsaɪs/,精确的,5,高频|六级,Be precise in your answer.
predict,v,/prɪˈdɪkt/,预测,4,高频|六级,It's hard to predict the future.
prefer,v,/prɪˈfɜːr/,更喜欢,3,高频|四级,I prefer tea to coffee.
pregnant,adj,/ˈpreɡnənt/,怀孕的,5,高频|六级,She is pregnant with twins.
prejudice,n,/ˈpredʒudɪs/,偏见,5,高频|六级|雅思,Racial prejudice is wrong.
preparation,n,/ˌprepəˈreɪʃn/,准备,4,高频|六级,Preparation is key to success.
prepare,v,/prɪˈpeər/,准备,2,高频|四级,Prepare for the exam.
prescribe,v,/prɪˈskraɪb/,开处方,5,高频|六级,The doctor prescribed medicine.
presence,n,/ˈprezns/,存在,5,高频|六级,Her presence was felt.
present,adj/n/v,/ˈpreznt/,现在的、现在的、礼物,2,高频|四级,She gave me a present.
preserve,v,/prɪˈzɜːrv/,保护,5,高频|六级|雅思,We must preserve nature.
press,n/v,/pres/,新闻界、新闻界、按,3,高频|四级,Press the button.
pressure,n,/ˈpreʃər/,压力,4,高频|六级,She is under a lot of pressure.
presume,v,/prɪˈzuːm/,推测,5,高频|六级,Don't presume the worst.
pretend,v,/prɪˈtend/,假装,3,高频|四级,Don't pretend to be sick.
pretty,adj/adv,/ˈprɪti/,漂亮的,1,高频|高考,She is a pretty girl.
prevent,v,/prɪˈvent/,阻止,3,高频|四级,Prevent the disease from spreading.
previous,adj,/ˈpriːviəs/,以前的,4,高频|六级,The previous owner was kind.
price,n,/praɪs/,价格,1,高频|高考,What's the price?
pride,n,/praɪd/,自豪,4,高频|六级,She takes pride in her work.
priest,n,/priːst/,牧师,5,高频|六级,The priest gave a sermon.
primary,adj,/ˈpraɪməri/,主要的,4,高频|六级,Education is the primary concern.
prime,adj,/praɪm/,主要的,5,高频|六级,She is in her prime years.
primitive,adj,/ˈprɪmətɪv/,原始的,5,高频|六级,Primitive tools were used.
prince,n,/prɪns/,王子,3,高频|四级,The prince married a commoner.
princess,n,/prɪnˈses/,公主,3,高频|四级,The princess lived in a castle.
principal,adj/n,/ˈprɪnsəpl/,主要的、主要的、校长,5,高频|六级,He is the school principal.
principle,n,/ˈprɪnsəpl/,原则,5,高频|六级|雅思,Stick to your principles.
print,v/n,/prɪnt/,打印,3,高频|四级,Print the document.
prior,adj,/ˈpraɪər/,优先的,4,高频|六级,Prior experience is required.
priority,n,/praɪˈɒrəti/,优先事项,5,高频|六级|雅思,Education is a top priority.
prison,n,/ˈprɪzn/,监狱,4,高频|六级,He was sent to prison.
prisoner,n,/ˈprɪznər/,囚犯,4,高频|六级,The prisoner escaped.
privacy,n,/ˈpraɪvəsi/,隐私,5,高频|六级,Respect others' privacy.
private,adj,/ˈpraɪvət/,私人的,4,高频|六级,This is a private matter.
prize,n,/praɪz/,奖品,3,高频|四级,She won first prize.
probable,adj,/ˈprɒbəbl/,可能的,4,高频|六级,The probable cause is unknown.
problem,n,/ˈprɒbləm/,问题,1,高频|高考,No problem.
procedure,n,/prəˈsiːdʒər/,程序,4,高频|六级,Follow the correct procedure.
proceed,v,/prəˈsiːd/,继续进行,5,高频|六级,Please proceed with the plan.
process,n/v,/ˈprɑːses/,过程、过程、加工,3,高频|四级,Learning is a gradual process.
proclaim,v,/prəˈkleɪm/,宣告,5,高频|六级,He proclaimed his innocence.
produce,v,/prəˈdjuːs/,生产,3,高频|四级,The factory produces cars.
product,n,/ˈprɒdʌkt/,产品,3,高频|四级|商务,The product is high quality.
production,n,/prəˈdʌkʃn/,生产,4,高频|六级,Production has increased.
profession,n,/prəˈfeʃn/,职业,4,高频|六级,She is a lawyer by profession.
professional,adj/n,/prəˈfeʃənl/,专业的、专业的、专业人员,4,高频|六级,He is a professional athlete.
professor,n,/prəˈfesər/,教授,3,高频|四级,The professor gave a lecture.
profile,n,/ˈproʊfaɪl/,轮廓、轮廓、简介,5,高频|六级,Her profile is on the website.
profit,n/v,/ˈprɒfɪt/,利润,4,高频|六级|商务,The company made a huge profit.
program,n/v,/ˈproʊɡræm/,程序、程序、节目,2,高频|四级,Write a computer program.
progress,n/v,/ˈprɑːɡres/,进步,3,高频|四级,She made great progress.
prohibit,v,/prəˈhɪbɪt/,禁止,5,高频|六级,Smoking is prohibited here.
project,n/v,/ˈprɒdʒekt/,项目,4,高频|四级,The project was successful.
prominent,adj,/ˈprɒmɪnənt/,杰出的,5,高频|六级,She is a prominent scientist.
promise,n/v,/ˈprɒmɪs/,承诺,3,高频|四级,Keep your promise.
promote,v,/prəˈmoʊt/,促进、促进、提升,4,高频|六级,Promote the new product.
prompt,adj/v,/prɒmpt/,迅速的、迅速的、提示,4,高频|六级,He gave a prompt reply.
proof,n,/pruːf/,证据,4,高频|六级,Do you have proof?
proper,adj,/ˈprɒpər/,适当的,4,高频|六级,Follow the proper procedure.
property,n,/ˈprɒpəti/,财产,4,高频|六级,This is private property.
proportion,n,/prəˈpɔːrʃn/,比例,5,高频|六级,A large proportion of students passed.
proposal,n,/prəˈpoʊzl/,提议,4,高频|六级,She made a proposal.
propose,v,/prəˈpoʊz/,建议、建议、求婚,4,高频|六级,He proposed a new plan.
prosecute,v,/ˈprɒsɪkjuːt/,起诉,5,高频|六级,He was prosecuted for theft.
prospect,n/v,/ˈprɒspekt/,前景,5,高频|六级,The prospects are bright.
protect,v,/prəˈtekt/,保护,3,高频|四级,Protect the environment.
protest,n/v,/ˈproʊtest/,抗议,4,高频|六级,They protested against the war.
proud,adj,/praʊd/,自豪的,2,高频|四级,I am proud of you.
prove,v,/pruːv/,证明,3,高频|四级,Prove your point.
provide,v,/prəˈvaɪd/,提供,2,高频|四级,We provide free service.
public,adj/n,/ˈpʌblɪk/,公共的、公共的、公众,3,高频|四级,The park is open to the public.
publication,n,/ˌpʌblɪˈkeɪʃn/,出版,5,高频|六级,The book is ready for publication.
publish,v,/ˈpʌblɪʃ/,出版,4,高频|六级,She published a novel.
pull,v,/pʊl/,拉,1,高频|高考,Pull the door open.
pulse,n,/pʌls/,脉搏,4,高频|六级,The doctor checked her pulse.
pump,n/v,/pʌmp/,泵,3,高频|四级,The heart pumps blood.
punch,v/n,/pʌntʃ/,拳打,3,高频|四级,He punched the wall.
punctual,adj,/ˈpʌŋktʃuəl/,准时的,4,高频|六级,Be punctual for the meeting.
punish,v,/ˈpʌnɪʃ/,惩罚,3,高频|四级,Don't punish the child.
pupil,n,/ˈpjuːpl/,小学生,3,高频|四级,The pupils raised their hands.
purchase,n/v,/ˈpɜːrtʃəs/,购买,4,高频|六级|商务,She made a purchase online.
pure,adj,/pjʊər/,纯净的,4,高频|六级,The water is pure.
purpose,n/v,/ˈpɜːrpəs/,目的,4,高频|六级,What is the purpose of your visit?
pursue,v,/pərˈsjuː/,追求,5,高频|六级|雅思,She pursued a career in medicine.
push,v/n,/pʊʃ/,推,1,高频|高考,Push the door.
put,v,/pʊt/,放,1,高频|高考,Put the book on the shelf.
puzzle,n/v,/ˈpʌzl/,谜,4,高频|六级,The puzzle was difficult to solve.
qualify,v,/ˈkwɒlɪfaɪ/,合格,4,高频|六级,She qualified for the finals.
quality,n,/ˈkwɒləti/,质量,3,高频|四级,Quality matters more than quantity.
quantity,n,/ˈkwɒntəti/,数量,3,高频|四级,We need a large quantity of water.
quarrel,n/v,/ˈkwɒrəl/,争吵,4,高频|六级,They had a quarrel about money.
quarter,n,/ˈkwɔːrtər/,四分之一,3,高频|四级,Cut the apple into quarters.
queen,n,/kwiːn/,女王,2,高频|四级,The queen waved to the crowd.
queer,adj,/kwɪər/,奇怪的,5,高频|六级,He has a queer feeling.
quench,v,/kwentʃ/,熄灭,5,高频|六级,Water quenches thirst.
quest,n,/kwest/,探索,5,高频|六级|雅思,He went on a quest for knowledge.
question,n/v,/ˈkwestʃən/,问题,1,高频|高考,Ask a question.
queue,n/v,/kjuː/,队列,4,高频|六级,People stood in a queue.
quick,adj,/kwɪk/,快的,1,高频|高考,Be quick!
quiet,adj,/ˈkwaɪət/,安静的,2,高频|四级,Please be quiet.
quit,v,/kwɪt/,退出,3,高频|四级,He quit his job.
quite,adv,/kwaɪt/,相当,1,高频|高考,It's quite cold today.
quote,v/n,/kwoʊt/,引用,4,高频|六级,Quote the source.
race,n/v,/reɪs/,种族、种族、比赛,2,高频|四级,He won the race.
racial,adj,/ˈreɪʃl/,种族的,5,高频|六级,Racial discrimination is illegal.
radar,n,/ˈreɪdɑːr/,雷达,5,高频|六级,The radar detected the plane.
radical,adj,/ˈrædɪkl/,激进的,5,高频|六级,He has radical ideas.
rage,n/v,/reɪdʒ/,愤怒,5,高频|六级,He was in a rage.
raid,n/v,/reɪd/,突袭,5,高频|六级,The police raided the building.
rail,n,/reɪl/,铁轨,4,高频|六级,Hold the rail tightly.
railway,n,/ˈreɪlweɪ/,铁路,3,高频|四级,The railway connects two cities.
rain,n/v,/reɪn/,雨,1,高频|高考,It's going to rain.
raise,v,/reɪz/,举起、举起、提高,2,高频|四级,Raise your hand.
random,adj,/ˈrændəm/,随机的,4,高频|六级,Pick a random number.
range,n/v,/reɪndʒ/,范围,4,高频|六级,The price ranges from $10 to $50.
rank,n/v,/ræŋk/,等级,4,高频|六级,She holds a high rank in the company.
rapid,adj,/ˈræpɪd/,迅速的,4,高频|六级,The patient made rapid progress.
rare,adj,/reər/,稀有的,4,高频|六级,It is a rare disease.
rate,n/v,/reɪt/,比率,3,高频|四级,The rate of inflation is high.
rather,adv,/ˈrɑːðər/,宁愿,2,高频|四级,I'd rather stay home.
ratio,n,/ˈreɪʃioʊ/,比例,5,高频|六级,The ratio is 2 to 1.
raw,adj,/rɔː/,生的、生的、未加工的,4,高频|六级,Eat raw vegetables.
reach,v,/riːtʃ/,到达,2,高频|四级,Reach out to your friends.
react,v,/riˈækt/,反应,3,高频|四级,How did she react?
read,v,/riːd/,阅读,1,高频|高考,Read this book.
ready,adj,/ˈredi/,准备好的,1,高频|高考,Are you ready?
real,adj,/rɪəl/,真实的,1,高频|高考,This is a real diamond.
realistic,adj,/ˌrɪəˈlɪstɪk/,现实的,5,高频|六级,Be realistic about your goals.
reality,n,/riˈæləti/,现实,4,高频|六级,Face reality.
realize,v,/ˈrɪəlaɪz/,意识到,3,高频|四级,I realize my mistake.
really,adv,/ˈrɪəli/,真正地,1,高频|高考,I'm really happy.
realm,n,/relm/,领域,5,高频|六级,The realm of science.
rear,n/adj,/rɪər/,后方,3,高频|四级,The rear of the building.
reason,n/v,/ˈriːzn/,原因、原因、推理,1,高频|高考,Tell me the reason.
reasonable,adj,/ˈriːznəbl/,合理的,3,高频|四级,The price is reasonable.
rebel,n/v,/ˈrebl/,反叛者,5,高频|六级,The rebels attacked the city.
recall,v,/rɪˈkɔːl/,回忆、回忆、召回,4,高频|六级,I don't recall his name.
receipt,n,/rɪˈsiːt/,收据,4,高频|六级|商务,Keep your receipt.
receive,v,/rɪˈsiːv/,收到,2,高频|四级,I received your letter.
recent,adj,/ˈriːsnt/,最近的,3,高频|四级,The recent news is good.
reception,n,/rɪˈsepʃn/,接待,4,高频|六级,The wedding reception was great.
recession,n,/rɪˈseʃn/,衰退,5,高频|六级|商务,The economy is in recession.
reckon,v,/ˈrekən/,认为,5,高频|六级,I reckon it will work.
recognize,v,/ˈrekəɡnaɪz/,认出,3,高频|四级,I recognized her voice.
recommend,v,/ˌrekəˈmend/,推荐,4,高频|六级,Can you recommend a good restaurant?
record,n/v,/ˈrekɔːrd/,记录,3,高频|四级,She broke the world record.
recover,v,/rɪˈkʌvər/,恢复,4,高频|六级,He recovered from the illness.
recovery,n,/rɪˈkʌvəri/,恢复,5,高频|六级,The economy is in recovery.
recruit,v,/rɪˈkruːt/,招募,5,高频|六级|商务,We need to recruit new staff.
red,adj/n,/red/,红色的,1,高频|高考,She wore a red dress.
reduce,v,/rɪˈdjuːs/,减少,3,高频|四级,Reduce the amount of sugar.
reduction,n,/rɪˈdʌkʃn/,减少,4,高频|六级,There has been a reduction in price.
refer,v,/rɪˈfɜːr/,提及,4,高频|六级,Refer to the manual.
reference,n,/ˈrefrəns/,参考,4,高频|六级,Keep this for reference.
reflect,v,/rɪˈflekt/,反映,4,高频|六级,The mirror reflects light.
reform,n/v,/rɪˈfɔːrm/,改革,5,高频|六级,The government reformed the education system.
refresh,v,/rɪˈfreʃ/,使清新,4,高频|六级,Refresh your browser.
refuge,n,/ˈrefjuːdʒ/,避难,5,高频|六级,He sought refuge in the church.
refugee,n,/ˌrefjuˈdʒiː/,难民,5,高频|六级|雅思,The refugees need help.
refund,n/v,/ˈriːfʌnd/,退款,4,高频|六级|商务,Ask for a refund.
refuse,v,/rɪˈfjuːz/,拒绝,3,高频|四级,She refused his offer.
regain,v,/rɪˈɡeɪn/,重新获得,5,高频|六级,He regained consciousness.
regard,v/n,/rɪˈɡɑːrd/,尊重,4,高频|六级,I regard him as a friend.
regardless,adv,/rɪˈɡɑːrdləs/,不顾、不顾,5,高频,Regardless of the cost  we will continue.
regime,n,/reɪˈʒiːm/,政权,5,高频|六级|雅思,The regime was overthrown.
region,n,/ˈriːdʒən/,地区,3,高频|四级,This region is famous for wine.
register,v/n,/ˈredʒɪstər/,注册,4,高频|四级,Register for the event online.
regret,n/v,/rɪˈɡret/,遗憾,4,高频|六级,I have no regrets.
regular,adj,/ˈreɡjələr/,定期的,3,高频|四级,He is a regular customer.
regulate,v,/ˈreɡjuleɪt/,管理,5,高频|六级,The industry is regulated by law.
regulation,n,/ˌreɡjuˈleɪʃn/,规定,5,高频|六级,Follow the safety regulations.
reinforce,v,/ˌriːɪnˈfɔːrs/,加强,5,高频|六级,Reinforce the walls.
reject,v,/rɪˈdʒekt/,拒绝,4,高频|六级,She rejected the proposal.
relate,v,/rɪˈleɪt/,关联,4,高频|六级,How does this relate to you?
relation,n,/rɪˈleɪʃn/,关系,3,高频|四级,We have a good relation.
relationship,n,/rɪˈleɪʃnʃɪp/,关系,3,高频|四级,They have a strong relationship.
relative,n/adj,/ˈrelətɪv/,亲戚、亲戚、相对的,3,高频|四级,She visited her relatives.
relax,v,/rɪˈlæks/,放松,2,高频|四级,Relax and enjoy the weekend.
release,v/n,/rɪˈliːs/,释放,4,高频|六级,The movie will be released next month.
relevant,adj,/ˈreləvənt/,相关的,4,高频|六级,Please provide relevant information.
reliable,adj,/rɪˈlaɪəbl/,可靠的,4,高频|六级,He is a reliable friend.
relief,n,/rɪˈliːf/,缓解,4,高频|六级,She sighed with relief.
relieve,v,/rɪˈliːv/,减轻,5,高频|六级,This medicine will relieve the pain.
religion,n,/rɪˈlɪdʒən/,宗教,4,高频|六级,Freedom of religion is a basic right.
religious,adj,/rɪˈlɪdʒəs/,宗教的,4,高频|六级,She is a religious person.
reluctant,adj,/rɪˈlʌktənt/,不情愿的,5,高频|六级,He is reluctant to change.
rely,v,/rɪˈlaɪ/,依赖,4,高频|六级,Don't rely on others too much.
remain,v,/rɪˈmeɪn/,保持,3,高频|四级,Please remain calm.
remark,n/v,/rɪˈmɑːrk/,评论,4,高频|六级,She made a remark about the weather.
remarkable,adj,/rɪˈmɑːrkəbl/,显著的,4,高频|六级,She is a remarkable singer.
remember,v,/rɪˈmembər/,记得,1,高频|高考,Remember to call me.
remind,v,/rɪˈmaɪnd/,提醒,3,高频|四级,Remind me to buy milk.
remote,adj,/rɪˈmoʊt/,遥远的,5,高频|六级,They live in a remote village.
remove,v,/rɪˈmuːv/,移除,3,高频|四级,Remove the stain from the shirt.
render,v,/ˈrendər/,使成为,5,高频|六级,The storm rendered the road impassable.
renew,v,/rɪˈnjuː/,更新,4,高频|六级,Renew your passport before it expires.
renovate,v,/ˈrenəveɪt/,翻新,5,高频|六级,They renovated the old house.
rent,n/v,/rent/,租金,3,高频|四级|商务,The rent is $800 per month.
repair,n/v,/rɪˈpeər/,修理,3,高频|四级,Repair the broken window.
repeat,v,/rɪˈpiːt/,重复,2,高频|四级,Repeat the sentence after me.
replace,v,/rɪˈpleɪs/,替换,3,高频|四级,Replace the old battery.
reply,n/v,/rɪˈplaɪ/,回答,3,高频|四级,She didn't reply to my email.
report,n/v,/rɪˈpɔːrt/,报告,3,高频|四级,Write a report on the project.
represent,v,/ˌreprɪˈzent/,代表,4,高频|六级,She represents our company.
reputation,n,/ˌrepjuˈteɪʃn/,名声,5,高频|六级|雅思,The restaurant has a good reputation.
request,n/v,/rɪˈkwest/,请求,4,高频|六级,Make a request in advance.
require,v,/rɪˈkwaɪər/,需要,3,高频|四级,This job requires patience.
rescue,v/n,/ˈreskjuː/,营救,4,高频|六级,Rescue the trapped miners.
research,n/v,/rɪˈsɜːrtʃ/,研究,3,高频|四级,She does medical research.
resemble,v,/rɪˈzembl/,像,5,高频|六级,She resembles her mother.
resent,v,/rɪˈzent/,怨恨,5,高频|六级,He resented the criticism.
reserve,n/v,/rɪˈzɜːrv/,储备、储备、预定,4,高频|六级|商务,Reserve a table for two.
reside,v,/rɪˈzaɪd/,居住,5,高频|六级,She resides in Paris.
resign,v,/rɪˈzaɪn/,辞职,4,高频|六级,He resigned from his job.
resist,v,/rɪˈzɪst/,抵抗,4,高频|六级,Resist the temptation.
resolve,v,/rɪˈzɒlv/,解决,5,高频|六级|雅思,Resolve the conflict.
resort,n/v,/rɪˈzɔːrt/,度假胜地,4,高频|六级|旅行,They stayed at a beach resort.
resource,n,/rɪˈsɔːrs/,资源,4,高频|六级,Water is a precious resource.
respect,n/v,/rɪˈspekt/,尊重,3,高频|四级,Respect your elders.
respond,v,/rɪˈspɒnd/,回应,4,高频|六级,Please respond to my email.
response,n,/rɪˈspɒns/,回应,3,高频|四级,She made no response.
responsibility,n,/rɪˌspɒnsəˈbɪləti/,责任,4,高频|六级,Take responsibility for your actions.
responsible,adj,/rɪˈspɒnsəbl/,负责的,3,高频|四级,She is responsible for the project.
rest,n/v,/rest/,休息、休息、其余,1,高频|高考,Take a rest.
restaurant,n,/ˈrestərɒnt/,餐厅,2,高频|四级|旅行,We had dinner at a nice restaurant.
restore,v,/rɪˈstɔːr/,恢复,5,高频|六级,Restore the old painting.
restrict,v,/rɪˈstrɪkt/,限制,4,高频|六级,Access is restricted.
result,n/v,/rɪˈzʌlt/,结果,2,高频|四级,The result was surprising.
retain,v,/rɪˈteɪn/,保留,5,高频|六级,She retained her composure.
retire,v,/rɪˈtaɪər/,退休,4,高频|六级,He retired at age 60.
retreat,v/n,/rɪˈtriːt/,撤退,5,高频|六级,The army retreated.
return,v/n,/rɪˈtɜːrn/,返回,1,高频|高考,When will you return?
reveal,v,/rɪˈviːl/,揭示,4,高频|六级,Reveal the truth.
revenge,n,/rɪˈvendʒ/,报复,5,高频|六级,He sought revenge for the betrayal.
revenue,n,/ˈrevənjuː/,收入,5,高频|六级|商务,The company's revenue grew 20%.
reverse,v/n/adj,/rɪˈvɜːrs/,反转,5,高频|六级,Reverse the car.
review,n/v,/rɪˈvjuː/,回顾、回顾、审查,4,高频|六级,Review the contract carefully.
revise,v,/rɪˈvaɪz/,修订,4,高频|六级,Revise your essay.
revive,v,/rɪˈvaɪv/,复兴,5,高频|六级,Revive the old tradition.
revolt,n/v,/rɪˈvoʊlt/,反抗,5,高频|六级,The people revolted against the tyrant.
revolution,n,/ˌrevəˈluːʃn/,革命,5,高频|六级|雅思,The industrial revolution changed the world.
reward,n/v,/rɪˈwɔːrd/,奖励,4,高频|六级,Hard work brings rewards.
rhythm,n,/ˈrɪðəm/,节奏,5,高频|六级,Feel the rhythm of the music.
rice,n,/raɪs/,米饭,1,高频|高考,We have rice for dinner.
rich,adj,/rɪtʃ/,富有的,2,高频|四级,He is a rich man.
rid,v,/rɪd/,摆脱,3,高频|四级,Get rid of the old furniture.
ride,v/n,/raɪd/,骑、骑、乘坐,1,高频|高考,He rides a bike to school.
rider,n,/ˈraɪdər/,骑手,4,高频|六级,The rider fell off the horse.
ridge,n,/rɪdʒ/,山脊,5,高频|六级,They walked along the ridge.
ridiculous,adj,/rɪˈdɪkjələs/,荒谬的,5,高频|六级,That's a ridiculous idea.
rifle,n,/ˈraɪfl/,步枪,5,高频|六级,He carried a rifle on his shoulder.
right,adj/adv/n,/raɪt/,正确的、正确的、右边,1,高频|高考,You are right.
rigid,adj,/ˈrɪdʒɪd/,僵硬的,5,高频|六级,He has a rigid attitude.
ring,n/v,/rɪŋ/,戒指、戒指、打电话,2,高频|四级,She wore a gold ring.
ripe,adj,/raɪp/,成熟的,4,高频|六级,The fruit is ripe.
rise,v/n,/raɪz/,上升,3,高频|四级,Prices are rising.
risk,n/v,/rɪsk/,风险,3,高频|四级,Take a calculated risk.
river,n,/ˈrɪvər/,河流,2,高频|四级,We swam across the river.
road,n,/roʊd/,路,1,高频|高考,The road is long.
rob,v,/rɒb/,抢劫,4,高频|六级,He was robbed of his money.
rock,n/v,/rɒk/,岩石、岩石、摇摆,3,高频|四级,The ship hit a rock.
rocket,n,/ˈrɒkɪt/,火箭,4,高频|六级,The rocket was launched successfully.
role,n,/roʊl/,角色,3,高频|四级,She played a key role in the project.
roll,v/n,/roʊl/,滚动,3,高频|四级,Roll the ball.
romance,n,/roʊˈmæns/,浪漫,4,高频|六级,They had a romantic romance.
romantic,adj,/roʊˈmæntɪk/,浪漫的,4,高频|六级,Paris is a romantic city.
roof,n,/ruːf/,屋顶,3,高频|四级,The roof is leaking.
room,n,/ruːm/,房间,1,高频|高考,My room is upstairs.
root,n/v,/ruːt/,根,3,高频|四级,The tree has deep roots.
rope,n,/roʊp/,绳子,3,高频|四级,Tie the rope to the tree.
rose,n,/roʊz/,玫瑰,3,高频|四级,She received a bunch of roses.
rough,adj,/rʌf/,粗糙的,4,高频|六级,The surface is rough.
round,adj/n/v,/raʊnd/,圆的、圆的、一轮,2,高频|四级,The earth is round.
route,n,/ruːt/,路线,3,高频|四级,We need to find the best route.
routine,n/adj,/ruːˈtiːn/,常规,4,高频|六级,Follow your daily routine.
royal,adj,/ˈrɔɪəl/,皇家的,4,高频|六级,The royal family lives in the palace.
rub,v,/rʌb/,摩擦,3,高频|四级,Rub your hands together.
rubber,n,/ˈrʌbər/,橡胶,3,高频|四级,Rubber is elastic.
rude,adj,/ruːd/,粗鲁的,4,高频|六级,It is rude to interrupt.
ruin,n/v,/ˈruːɪn/,毁灭,4,高频|六级,The storm ruined the crops.
rule,n/v,/ruːl/,规则,2,高频|四级,Follow the rules.
run,v/n,/rʌn/,跑、跑、运行,1,高频|高考,He runs every morning.
runner,n,/ˈrʌnər/,跑步者,3,高频|四级,She is a fast runner.
rural,adj,/ˈrʊərəl/,农村的,4,高频|六级,Rural areas need more schools.
rush,v/n,/rʌʃ/,冲,3,高频|四级,Don't rush me.
sack,n/v,/sæk/,麻袋、麻袋、解雇,4,高频|六级,He was sacked from his job.
sacred,adj,/ˈseɪkrɪd/,神圣的,5,高频|六级,This is a sacred place.
sacrifice,n/v,/ˈsækrɪfaɪs/,牺牲,5,高频|六级,She made many sacrifices for her family.
sad,adj,/sæd/,悲伤的,1,高频|高考,Don't be sad.
saddle,n/v,/ˈsædl/,马鞍,4,高频|六级,He sat on the saddle.
safe,adj,/seɪf/,安全的,2,高频|四级,Keep your money in a safe place.
safety,n,/ˈseɪfti/,安全,3,高频|四级,Safety first.
sail,v/n,/seɪl/,航行,4,高频|六级,The ship sails across the sea.
sailor,n,/ˈseɪlər/,水手,3,高频|四级,The sailor worked on the ship.
saint,n,/seɪnt/,圣人,5,高频|六级,He is considered a saint.
sake,n,/seɪk/,目的,4,高频|六级,For the sake of safety.
salad,n,/ˈsæləd/,沙拉,3,高频|四级,She made a fresh salad.
salary,n,/ˈsæləri/,薪水,3,高频|四级|商务,Her salary is high.
sale,n,/seɪl/,销售,3,高频|四级|商务,The store is having a sale.
salmon,n,/ˈsæmən/,三文鱼,4,高频|六级,We had grilled salmon for dinner.
salt,n/v,/sɔːlt/,盐,2,高频|四级,Add a pinch of salt.
same,adj/pron,/seɪm/,相同的,1,高频|高考,We have the same idea.
sample,n/v,/ˈsɑːmpl/,样本,4,高频|六级,Here is a sample of the product.
sand,n,/sænd/,沙子,3,高频|四级,The children played in the sand.
satellite,n,/ˈsætəlaɪt/,卫星,4,高频|六级,The satellite orbits the earth.
satisfaction,n,/ˌsætɪsˈfækʃn/,满足,5,高频|六级,Customer satisfaction is our goal.
satisfactory,adj,/ˌsætɪsˈfæktəri/,满意的,5,高频|六级,The result is satisfactory.
satisfy,v,/ˈsætɪsfaɪ/,满足,4,高频|六级,Nothing satisfies him.
sauce,n,/sɔːs/,酱,3,高频|四级,The sauce is delicious.
sausage,n,/ˈsɒsɪdʒ/,香肠,3,高频|四级,We had sausages for breakfast.
savage,adj/n,/ˈsævɪdʒ/,野蛮的,5,高频|六级,The savage attack shocked everyone.
save,v,/seɪv/,救、救、节省,1,高频|高考,Save your money.
saving,n,/ˈseɪvɪŋ/,储蓄,4,高频|六级|商务,Keep your savings in a bank.
say,v,/seɪ/,说,1,高频|高考,What did you say?
scale,n/v,/skeɪl/,规模,4,高频|六级,The project is large in scale.
scan,v/n,/skæn/,扫描,4,高频|六级,Scan the document.
scandal,n,/ˈskændl/,丑闻,5,高频|六级,The political scandal shocked the nation.
scarce,adj,/skeərs/,稀缺的,5,高频|六级,Water is scarce in the desert.
scare,v/n,/skeər/,惊吓,4,高频|六级,The loud noise scared me.
scatter,v,/ˈskætər/,分散,5,高频|六级,The wind scattered the leaves.
scene,n,/siːn/,场景,3,高频|四级,The movie scene was emotional.
schedule,n/v,/ˈskedʒuːl/,时间表,3,高频|四级|商务,Check the schedule for the meeting.
scheme,n/v,/skiːm/,计划,5,高频|六级,He devised a clever scheme.
scholar,n,/ˈskɒlər/,学者,5,高频|六级,She is a respected scholar.
scholarship,n,/ˈskɒlərʃɪp/,奖学金,4,高频|六级,He won a scholarship to Harvard.
school,n,/skuːl/,学校,1,高频|高考,Children go to school at 6.
science,n,/ˈsaɪəns/,科学,1,高频|高考,She is good at science.
scientific,adj,/ˌsaɪənˈtɪfɪk/,科学的,4,高频|六级,Scientific research is expensive.
scientist,n,/ˈsaɪəntɪst/,科学家,3,高频|四级,The scientist made a discovery.
scissors,n,/ˈsɪzərz/,剪刀,3,高频|四级,Cut the paper with scissors.
scold,v,/skoʊld/,责骂,4,高频|六级,Don't scold the child.
scope,n,/skoʊp/,范围,5,高频|六级|雅思,The scope of the project is wide.
score,n/v,/skɔːr/,得分,3,高频|四级,The final score was 3-2.
scorn,n/v,/skɔːrn/,轻蔑,5,高频|六级,He looked at her with scorn.
scratch,v/n,/skrætʃ/,抓,3,高频|四级,The cat scratched the table.
scream,v/n,/skriːm/,尖叫,4,高频|六级,She screamed in terror.
screen,n/v,/skriːn/,屏幕,3,高频|四级,The screen is too bright.
screw,n/v,/skruː/,螺丝,4,高频|六级,Tighten the screw.
script,n,/skrɪpt/,脚本、脚本、剧本,4,高频|六级,The script needs editing.
sea,n,/siː/,海,1,高频|高考,We swam in the sea.
seal,n/v,/siːl/,密封、密封、海豹,4,高频|六级,Seal the envelope.
search,n/v,/sɜːrtʃ/,搜索,3,高频|四级,Search the house.
season,n,/ˈsiːzn/,季节,2,高频|四级,Spring is my favorite season.
seat,n/v,/siːt/,座位,1,高频|高考,Please take a seat.
second,num/adj,/ˈsekənd/,第二,1,高频|高考,This is the second time.
secret,adj/n,/ˈsiːkrət/,秘密的、秘密的、秘密,2,高频|四级,Keep it a secret.
secretary,n,/ˈsekrəteri/,秘书,3,高频|四级|商务,She works as a secretary.
section,n,/ˈsekʃn/,部分,3,高频|四级,Read this section of the book.
sector,n,/ˈsektər/,部门,5,高频|六级|商务,The service sector is growing.
secure,adj/v,/sɪˈkjʊər/,安全的,4,高频|六级,Your future is secure.
security,n,/sɪˈkjʊərəti/,安全,4,高频|六级,Airport security is strict.
seed,n/v,/siːd/,种子,3,高频|四级,Plant the seeds in spring.
seek,v,/siːk/,寻找,4,高频|六级,Seek advice from experts.
seem,v,/siːm/,似乎,2,高频|四级,You seem tired.
seize,v,/siːz/,抓住,4,高频|六级,Seize the opportunity.
seldom,adv,/ˈseldəm/,很少,5,高频|六级,He seldom goes out.
self,n,/self/,自我,3,高频|四级,Know your true self.
selfish,adj,/ˈselfɪʃ/,自私的,4,高频|六级,Don't be selfish.
sell,v,/sel/,卖,1,高频|高考,She sells flowers.
senator,n,/ˈsenətər/,参议员,5,高频|六级,The senator gave a speech.
send,v,/send/,发送,1,高频|高考,Send me a message.
senior,adj/n,/ˈsiːniər/,年长的,5,高频|六级,She is a senior manager.
sense,n/v,/sens/,感觉,3,高频|四级,He has a good sense of humor.
sensible,adj,/ˈsensəbl/,明智的,5,高频|六级,That is a sensible decision.
sensitive,adj,/ˈsensətɪv/,敏感的,5,高频|六级,Be sensitive to others' feelings.
sentence,n/v,/ˈsentəns/,句子、句子、判决,2,高频|四级,Write a sentence.
separate,adj/v,/ˈsepəreɪt/,分开的,3,高频|四级,The two issues are separate.
separation,n,/ˌsepəˈreɪʃn/,分离,5,高频|六级,The separation was painful.
sequence,n,/ˈsiːkwəns/,序列,5,高频|六级,Follow the sequence of events.
series,n,/ˈsɪəriːz/,系列,4,高频|六级,Watch the TV series.
serious,adj,/ˈsɪəriəs/,严肃的,3,高频|四级,This is a serious problem.
servant,n,/ˈsɜːrvənt/,仆人,4,高频|六级,The servant brought tea.
serve,v,/sɜːrv/,服务,3,高频|四级,She serves the customers well.
service,n/v,/ˈsɜːrvɪs/,服务,3,高频|四级,The service is excellent.
session,n,/ˈseʃn/,会议,4,高频|六级,The training session lasted two hours.
set,n/v,/set/,一套、一套、设置,1,高频|高考,Set the table.
settle,v,/ˈsetl/,解决、解决、定居,3,高频|四级,They settled in a small town.
settlement,n,/ˈsetlmənt/,定居,5,高频|六级|雅思,The settlement of the dispute took years.
several,adj,/ˈsevrəl/,几个,1,高频|高考,Several people came.
severe,adj,/sɪˈvɪər/,严厉的、严厉的、严重的,4,高频|六级,The punishment is severe.
sew,v,/soʊ/,缝,3,高频|四级,She can sew very well.
sex,n,/seks/,性别、性别、性,3,高频|四级,Please indicate your sex.
sexual,adj,/ˈsekʃuəl/,性的,5,高频|六级,Sexual harassment is illegal.
shabby,adj,/ˈʃæbi/,破旧的,5,高频|六级,The hotel looked shabby.
shade,n/v,/ʃeɪd/,阴影,3,高频|四级,Sit in the shade.
shadow,n,/ˈʃædoʊ/,影子,3,高频|四级,The shadow followed him.
shake,v,/ʃeɪk/,摇动,3,高频|四级,Shake the bottle well.
shall,v/aux,/ʃæl/,将要,3,高频|四级,I shall return tomorrow.
shallow,adj,/ˈʃæloʊ/,浅的,4,高频|六级,The water is shallow.
shame,n/v,/ʃeɪm/,羞耻,4,高频|六级,What a shame!
shape,n/v,/ʃeɪp/,形状,3,高频|四级,Shape the clay into a ball.
share,n/v,/ʃeər/,分享,2,高频|四级,Share your ideas with us.
sharp,adj,/ʃɑːrp/,锋利的,3,高频|四级,The knife is very sharp.
shave,v/n,/ʃeɪv/,剃、剃、刮,3,高频|四级,He shaves every morning.
she,pron,/ʃiː/,她,1,高频|高考,She is my sister.
shed,n/v,/ʃed/,棚、棚、流出,4,高频|六级,He shed tears of joy.
sheep,n,/ʃiːp/,羊,3,高频|四级,The sheep are grazing.
sheet,n,/ʃiːt/,床单,2,高频|四级,She changed the sheet.
shelf,n,/ʃelf/,架子,3,高频|四级,Put the book on the shelf.
shell,n/v,/ʃel/,壳,4,高频|六级,Collect seashells on the beach.
shelter,n/v,/ˈʃeltər/,避难所,4,高频|六级,The shelter is warm.
shift,v/n,/ʃɪft/,转移,4,高频|六级,The wind shifted to the north.
shine,v/n,/ʃaɪn/,发光,3,高频|四级,The sun is shining.
ship,n/v,/ʃɪp/,船,1,高频|高考,The ship is huge.
shirt,n,/ʃɜːrt/,衬衫,1,高频|高考,He wore a white shirt.
shock,n/v,/ʃɒk/,震惊,4,高频|六级,The news shocked everyone.
shoe,n,/ʃuː/,鞋,1,高频|高考,Put on your shoes.
shoot,v,/ʃuːt/,射击,3,高频|四级,He shot the target.
shop,n/v,/ʃɒp/,商店、商店、购物,1,高频|高考,The shop is open.
shopping,n,/ˈʃɒpɪŋ/,购物,1,高频|高考,Go shopping with me.
shore,n,/ʃɔːr/,海岸,4,高频|六级|旅行,We walked along the shore.
short,adj,/ʃɔːrt/,短的,1,高频|高考,The movie is short.
shortage,n,/ˈʃɔːrtɪdʒ/,短缺,5,高频|六级,There is a water shortage.
shortly,adv,/ˈʃɔːrtli/,很快,3,高频|四级,She will arrive shortly.
shot,n/v,/ʃɒt/,射击,3,高频|四级,He took a shot at the goal.
should,v/aux,/ʃʊd/,应该,1,高频|高考,You should study harder.
shoulder,n/v,/ˈʃoʊldər/,肩膀,3,高频|四级,He carried the bag on his shoulder.
shout,v/n,/ʃaʊt/,喊,3,高频|四级,Don't shout at me.
show,v/n,/ʃoʊ/,展示,1,高频|高考,Show me your work.
shower,n/v,/ˈʃaʊər/,淋浴,3,高频|四级,Take a shower before bed.
shriek,v/n,/ʃriːk/,尖叫,5,高频|六级,She shrieked in terror.
shrink,v,/ʃrɪŋk/,缩小,4,高频|六级,Wool shrinks in hot water.
shrug,v/n,/ʃrʌɡ/,耸肩,4,高频|六级,He shrugged his shoulders.
shut,v,/ʃʌt/,关闭,2,高频|四级,Shut the door.
shy,adj,/ʃaɪ/,害羞的,3,高频|四级,She is shy around strangers.
sick,adj,/sɪk/,生病的,2,高频|四级,I feel sick.
side,n,/saɪd/,边,1,高频|高考,Sit on the side of the road.
sidewalk,n,/ˈsaɪdwɔːk/,人行道,3,四级,Walk on the sidewalk.
sigh,v/n,/saɪ/,叹气,4,高频|六级,She sighed with relief.
sight,n/v,/saɪt/,视力,4,高频|六级,Her sight is poor.
sign,n/v,/saɪn/,标志、标志、签名,2,高频|四级,Look at the sign.
signal,n/v,/ˈsɪɡnəl/,信号,3,高频|四级,The signal turned red.
signature,n,/ˈsɪɡnətʃər/,签名,3,高频|四级,Put your signature here.
significance,n,/sɪɡˈnɪfɪkəns/,重要性,5,高频|六级|雅思,The significance of the event is huge.
significant,adj,/sɪɡˈnɪfɪkənt/,重要的,4,高频|六级|雅思,There is a significant difference.
silence,n/v,/ˈsaɪləns/,沉默,3,高频|四级,There was silence in the room.
silent,adj,/ˈsaɪlənt/,安静的、安静的,3,高频,Be silent  please.
silk,n,/sɪlk/,丝绸,3,高频|四级,The dress is made of silk.
silly,adj,/ˈsɪli/,愚蠢的,2,高频|四级,Don't be silly.
silver,n/adj,/ˈsɪlvər/,银,3,高频|四级,The silver jewelry is beautiful.
similar,adj,/ˈsɪmələr/,相似的,2,高频|四级,We have similar interests.
simple,adj,/ˈsɪmpl/,简单的,1,高频|高考,It's a simple question.
simplicity,n,/sɪmˈplɪsəti/,简单,5,高频|六级,The simplicity of the design is appealing.
simplify,v,/ˈsɪmplɪfaɪ/,简化,4,高频|六级,Simplify the process.
simply,adv,/ˈsɪmpli/,简单地,2,高频|四级,Simply follow the instructions.
simultaneous,adj,/ˌsɪmlˈteɪniəs/,同时的,5,高频|六级,There was a simultaneous translation.
sin,n/v,/sɪn/,罪,3,高频|四级,He confessed his sins.
since,prep/conj,/sɪns/,自从、自从,2,高频,Since then  things changed.
sincere,adj,/sɪnˈsɪər/,真诚的,4,高频|六级,Please accept my sincere apology.
sing,v,/sɪŋ/,唱歌,1,高频|高考,She sings beautifully.
single,adj,/ˈsɪŋɡl/,单一的,2,高频|四级,There is a single bed.
singular,adj/n,/ˈsɪŋɡjələr/,单数的,5,高频|六级,The singular form of 'children' is 'child'.
sink,v/n,/sɪŋk/,下沉,4,高频|六级,The ship sank.
sip,v/n,/sɪp/,小口喝,4,高频|六级,She sipped her tea.
sir,n,/sɜːr/,先生、先生,2,高频,Excuse me  sir.
sister,n,/ˈsɪstər/,姐妹,1,高频|高考,She is my sister.
sit,v,/sɪt/,坐、坐,1,高频,Sit down  please.
site,n,/saɪt/,地点,4,高频|六级,The construction site is large.
situation,n,/ˌsɪtʃuˈeɪʃn/,情况,3,高频|四级,The situation is under control.
size,n,/saɪz/,尺寸,1,高频|高考,What size do you wear?
skate,n/v,/skeɪt/,滑冰,3,高频|四级,She skates gracefully.
skeleton,n,/ˈskelɪtn/,骨骼,5,高频|六级,The skeleton of the building.
sketch,n/v,/sketʃ/,素描,4,高频|六级,She drew a quick sketch.
ski,n/v,/skiː/,滑雪,3,高频|四级,We skied down the mountain.
skill,n,/skɪl/,技能,2,高频|四级,She has excellent writing skills.
skilled,adj,/skɪld/,熟练的,4,高频|六级,He is a skilled worker.
skin,n/v,/skɪn/,皮肤,2,高频|四级,She has soft skin.
skirt,n,/skɜːrt/,裙子,2,高频|四级,She wore a red skirt.
sky,n,/skaɪ/,天空,1,高频|高考,The sky is blue.
slam,v,/slæm/,猛关,4,高频|六级,He slammed the door.
slap,v/n,/slæp/,掴,4,高频|六级,She slapped his face.
slash,v/n,/slæʃ/,削减,5,高频|六级,The price was slashed.
slave,n,/sleɪv/,奴隶,5,高频|六级,The slaves were freed.
sleep,v/n,/sliːp/,睡觉,1,高频|高考,I need to sleep.
sleeve,n,/sliːv/,袖子,3,高频|四级,He rolled up his sleeves.
slender,adj,/ˈslendər/,苗条的,4,高频|六级,She has a slender figure.
slice,n/v,/slaɪs/,切片,3,高频|四级,Cut the bread into slices.
slide,v/n,/slaɪd/,滑,3,高频|四级,Watch the kids slide down.
slight,adj,/slaɪt/,轻微的,4,高频|六级,There is a slight difference.
slim,adj,/slɪm/,苗条的,4,高频|六级,She has a slim figure.
slip,v/n,/slɪp/,滑倒,3,高频|四级,Be careful not to slip.
slipper,n,/ˈslɪpər/,拖鞋,3,高频|四级,Wear your slippers at home.
slippery,adj,/ˈslɪpəri/,滑的,3,高频|四级,The road is slippery.
slogan,n,/ˈsloʊɡən/,标语,4,高频|六级,The company's slogan is catchy.
slope,n/v,/sloʊp/,斜坡,4,高频|六级,The slope is steep.
slot,n,/slɒt/,槽,4,高频|六级,Insert the coin into the slot.
slow,adj/adv,/sloʊ/,慢的,1,高频|高考,The turtle is slow.
slum,n,/slʌm/,贫民窟,5,高频|六级,He grew up in the slums.
sly,adj,/slaɪ/,狡猾的,5,高频|六级,He gave a sly smile.
small,adj,/smɔːl/,小的,1,高频|高考,The house is small.
smart,adj,/smɑːrt/,聪明的,2,高频|四级,She is a smart student.
smash,v,/smæʃ/,打碎,4,高频|六级,He smashed the vase.
smell,n/v,/smel/,闻,2,高频|四级,I smell something burning.
smile,n/v,/smaɪl/,微笑,1,高频|高考,She smiled at me.
smoke,n/v,/smoʊk/,烟、烟、吸烟,2,高频|四级,Don't smoke here.
smooth,adj,/smuːð/,光滑的,3,高频|四级,The surface is smooth.
smother,v,/ˈsmʌðər/,使窒息,5,高频|六级,He smothered the fire.
smuggle,v,/ˈsmʌɡl/,走私,5,高频|六级,They smuggled drugs across the border.
snack,n,/snæk/,零食,3,高频|四级,We had a light snack.
snake,n,/sneɪk/,蛇,3,高频|四级,The snake hissed.
snap,v/n,/snæp/,折断,4,高频|六级,The branch snapped.
snatch,v,/snætʃ/,抢夺,5,高频|六级,He snatched the bag from her.
sneak,v,/sniːk/,偷偷,4,高频|六级,He sneaked out of the room.
sneeze,v/n,/sniːz/,打喷嚏,3,高频|四级,She sneezed loudly.
sniff,v,/snɪf/,嗅,4,高频|六级,The dog sniffed the ground.
snore,v,/snɔːr/,打鼾,3,高频|四级,He snores loudly at night.
snow,n/v,/snoʊ/,雪,1,高频|高考,It snowed last night.
so,adv/conj,/soʊ/,如此、如此、所以,1,高频|高考,I'm so happy.
soak,v,/soʊk/,浸泡,4,高频|六级,Soak the beans overnight.
soap,n,/soʊp/,肥皂,2,高频|四级,Wash your hands with soap.
soar,v,/sɔːr/,高飞,5,高频|六级,Prices soared.
sob,v/n,/sɒb/,哭泣,4,高频|六级,She sobbed quietly.
sober,adj,/ˈsoʊbər/,清醒的,5,高频|六级,He is sober now.
soccer,n,/ˈsɒkər/,足球,2,高频|四级,Let's play soccer.
social,adj,/ˈsoʊʃl/,社会的,3,高频|四级,Social media is influential.
society,n,/səˈsaɪəti/,社会,3,高频|四级,We live in a modern society.
sociology,n,/ˌsoʊsiˈɒlədʒi/,社会学,5,高频|六级,She studies sociology.
sock,n,/sɒk/,袜子,1,高频|高考,Wear clean socks.
socket,n,/ˈsɒkɪt/,插座,4,高频|六级,Plug it into the socket.
soda,n,/ˈsoʊdə/,汽水,3,高频|四级,I don't drink soda.
sofa,n,/ˈsoʊfə/,沙发,2,四级,She sat on the sofa.
soft,adj,/sɒft/,柔软的,2,高频|四级,The pillow is soft.
software,n,/ˈsɒftweər/,软件,3,高频|四级,The software is user-friendly.
soil,n/v,/sɔɪl/,土壤、土壤、弄脏,3,高频|四级,Plants need good soil.
solar,adj,/ˈsoʊlər/,太阳的,4,高频|六级,Solar energy is clean.
soldier,n,/ˈsoʊldʒər/,士兵,3,高频|四级,The soldier stood at attention.
sole,adj/n,/soʊl/,唯一的、唯一的、鞋底,5,高频|六级,She is the sole survivor.
solemn,adj,/ˈsɒləm/,庄严的,5,高频|六级,The ceremony was solemn.
solid,adj/n,/ˈsɒlɪd/,固体的、固体的、固体,3,高频|四级,Ice is solid.
solidarity,n,/ˌsɒlɪˈdærəti/,团结,5,高频|六级|雅思,Show solidarity with the workers.
solitary,adj,/ˈsɒləteri/,孤独的,5,高频|六级,He lived a solitary life.
solo,n/adj,/ˈsoʊloʊ/,独奏,4,高频|六级,She sang a solo.
soluble,adj,/ˈsɒljəbl/,可溶解的,5,高频|六级,Sugar is soluble in water.
solution,n,/səˈluːʃn/,解决方案,4,高频|六级,We need a solution to the problem.
solve,v,/sɒlv/,解决,3,高频|四级,Solve the puzzle.
some,adj/pron,/sʌm/,一些,1,高频|高考,I have some questions.
somebody,pron,/ˈsʌmbədi/,某人,1,高频|高考,Somebody is at the door.
somehow,adv,/ˈsʌmhaʊ/,不知怎么、不知怎么,3,高频,Somehow  we made it.
someone,pron,/ˈsʌmwʌn/,某人,1,高频|高考,Someone is calling.
something,pron,/ˈsʌmθɪŋ/,某物,1,高频|高考,Something is wrong.
sometimes,adv,/ˈsʌmtaɪmz/,有时,1,高频|高考,Sometimes I go for a walk.
somewhat,adv,/ˈsʌmwɒt/,有点,4,高频|六级,The news is somewhat surprising.
somewhere,adv,/ˈsʌmweər/,某处,1,高频|高考,Let's go somewhere quiet.
son,n,/sʌn/,儿子,1,高频|高考,He has a son.
song,n,/sɒŋ/,歌,1,高频|高考,Sing a song.
soon,adv,/suːn/,很快,1,高频|高考,See you soon.
soothe,v,/suːð/,安抚,5,高频|六级,Music soothes the soul.
sophisticated,adj,/səˈfɪstɪkeɪtɪd/,复杂的,5,高频|六级|雅思,She has sophisticated taste.
sore,adj,/sɔːr/,疼痛的,3,高频|四级,My throat is sore.
sorrow,n,/ˈsɒroʊ/,悲伤,5,高频|六级,He expressed his sorrow.
sorry,adj,/ˈsɒri/,抱歉的,1,高频|高考,I'm sorry for being late.
sort,n/v,/sɔːrt/,种类、种类、分类,2,高频|四级,What sort of music do you like?
soul,n,/soʊl/,灵魂,3,高频|四级,Music feeds the soul.
sound,n/v/adj,/saʊnd/,声音,2,高频|四级,The sound is loud.
soup,n,/suːp/,汤,2,高频|四级,She made chicken soup.
sour,adj,/ˈsaʊər/,酸的,3,高频|四级,The lemon is sour.
source,n/v,/sɔːrs/,来源,3,高频|四级,The source of the river.
south,n/adj,/saʊθ/,南方,2,高频|四级,They traveled south.
souvenir,n,/ˌsuːvəˈnɪər/,纪念品,4,高频|六级|旅行,She bought a souvenir from Paris.
sovereign,adj/n,/ˈsɒvrɪn/,主权的,5,高频|六级,Sovereign rights must be respected.
sovereignty,n,/ˈsɒvrənti/,主权,5,高频|六级|雅思,National sovereignty is inviolable.
sow,v,/soʊ/,播种,4,高频|六级,The farmer sowed seeds in the field.
soya,n,/ˈsɔɪə/,大豆,4,高频|六级,Soya milk is nutritious.
spa,n,/spɑː/,温泉,4,高频|六级,We spent a weekend at the spa.
space,n/v,/speɪs/,空间,2,高频|四级,There is not enough space.
spacious,adj,/ˈspeɪʃəs/,宽敞的,4,高频|六级,The house is spacious.
spade,n,/speɪd/,铁锹,4,高频|六级,Use a spade to dig.
span,n/v,/spæn/,跨度,4,高频|六级,The bridge spans the river.
spare,adj/v,/speər/,多余的,3,高频|四级,Do you have a spare pen?
spark,n/v,/spɑːrk/,火花,4,高频|六级,The spark started a fire.
sparrow,n,/ˈspæroʊ/,麻雀,3,四级,A sparrow flew by.
speak,v,/spiːk/,说、说,1,高频,Speak louder  please.
speaker,n,/ˈspiːkər/,演讲者,2,高频|四级,She is a great speaker.
spear,n,/spɪər/,矛,4,高频|六级,He threw a spear.
special,adj,/ˈspeʃl/,特别的,2,高频|四级,This is a special day.
specialize,v,/ˈspeʃəlaɪz/,专攻,5,高频|六级,She specializes in tax law.
species,n,/ˈspiːʃiːz/,物种,4,高频|六级,Many species are endangered.
specific,adj,/spəˈsɪfɪk/,具体的,4,高频|六级,Please be specific.
specify,v,/ˈspesɪfaɪ/,指定,5,高频|六级,Specify the date and time.
specimen,n,/ˈspesɪmən/,标本,5,高频|六级,The specimen was preserved.
spectacle,n,/ˈspektəkl/,奇观,5,高频|六级,The sunset was a spectacle.
spectator,n,/ˈspekteɪtər/,观众,4,高频|六级,The spectators cheered.
spectrum,n,/ˈspektrəm/,光谱,5,高频|六级,The visible spectrum is small.
speculate,v,/ˈspekjuleɪt/,推测,5,高频|六级|雅思,Don't speculate without evidence.
speech,n,/spiːtʃ/,演讲,3,高频|四级,She gave a speech.
speechless,adj,/ˈspiːtʃləs/,说不出话的,4,高频|六级,I was speechless.
speed,n/v,/spiːd/,速度,2,高频|四级,The speed limit is 60 mph.
spell,v/n,/spel/,拼写,3,高频|四级,Spell your name please.
spend,v,/spend/,花费,1,高频|高考,Don't spend too much money.
sphere,n,/sfɪər/,球体,5,高频|六级,The earth is a sphere.
spice,n/v,/spaɪs/,香料,4,高频|六级,Add some spice to the dish.
spider,n,/ˈspaɪdər/,蜘蛛,3,高频|四级,The spider wove a web.
spill,v,/spɪl/,溢出,3,高频|四级,Don't spill the water.
spin,v,/spɪn/,旋转,3,高频|四级,The earth spins on its axis.
spine,n,/spaɪn/,脊柱,5,高频|六级,He hurt his spine in the accident.
spirit,n,/ˈspɪrɪt/,精神,3,高频|四级,Team spirit is important.
spiritual,adj,/ˈspɪrɪtʃuəl/,精神的,5,高频|六级,She has a spiritual life.
spit,v,/spɪt/,吐,3,高频|四级,Don't spit in public.
spite,n/v,/spaɪt/,恶意,4,高频|六级,He did it out of spite.
splash,n/v,/splæʃ/,溅,4,高频|六级,Water splashed everywhere.
splendid,adj,/ˈsplendɪd/,辉煌的,5,高频|六级,The performance was splendid.
split,v/n,/splɪt/,分裂,3,高频|四级,They split the profits.
spoil,v,/spɔɪl/,宠坏,3,高频|四级,Don't spoil the child.
spokesman,n,/ˈspoʊksmən/,发言人,4,高频|六级,The spokesman answered the questions.
sponge,n,/spʌndʒ/,海绵,4,高频|六级,Soak up the water with a sponge.
sponsor,n/v,/ˈspɒnsər/,赞助,4,高频|六级|商务,The company sponsored the event.
spontaneous,adj,/spɒnˈteɪniəs/,自发的,5,高频|六级|雅思,We had a spontaneous party.
spoon,n/v,/spuːn/,勺,2,高频|四级,Eat soup with a spoon.
sport,n,/spɔːrt/,运动,1,高频|高考,He plays sports every day.
sportsman,n,/ˈspɔːrtsmən/,运动员,4,高频|六级,He is a true sportsman.
spot,n/v,/spɒt/,斑点,3,高频|四级,There is a spot on the shirt.
spouse,n,/spaʊs/,配偶,5,高频|六级,His spouse is also a doctor.
spray,n/v,/spreɪ/,喷雾,4,高频|六级,Spray water on the plants.
spread,v/n,/spred/,传播,3,高频|四级,The news spread quickly.
spring,n/v,/sprɪŋ/,春天、春天、弹簧,2,高频|四级,Flowers bloom in spring.
sprinkle,v,/ˈsprɪŋkl/,洒,3,高频|四级,Sprinkle sugar on the cake.
sprout,v/n,/spraʊt/,发芽,4,高频|六级,The seeds sprouted.
spur,n/v,/spɜːr/,刺激,4,高频|六级,The praise spurred her on.
spy,n/v,/spaɪ/,间谍,4,高频|六级,The spy was caught.
square,n/adj,/skweər/,正方形,3,高频|四级,Draw a square.
squeeze,v,/skwiːz/,挤压,4,高频|六级,Squeeze the juice from the lemon.
squirrel,n,/ˈskwɪrəl/,松鼠,3,四级,The squirrel climbed the tree.
stab,v/n,/stæb/,刺,5,高频|六级,He stabbed the man.
stable,adj/n,/ˈsteɪbl/,稳定的、稳定的、马厩,4,高频|六级,The economy is stable.
stack,n/v,/stæk/,堆,3,高频|四级,A stack of papers.
stadium,n,/ˈsteɪdiəm/,体育场,4,高频|六级,The stadium was full.
staff,n/v,/stɑːf/,员工,4,高频|六级|商务,The staff is friendly.
stage,n/v,/steɪdʒ/,舞台,4,高频|六级,She walked onto the stage.
stagger,v,/ˈstæɡər/,蹒跚,5,高频|六级,He staggered to his feet.
stain,n/v,/stein/,污渍,3,高频|四级,Remove the stain.
stair,n,/steər/,楼梯,3,高频|四级,Walk up the stairs.
stake,n/v,/steɪk/,赌注,5,高频|六级,He has a stake in the company.
stale,adj,/steɪl/,不新鲜的,4,高频|六级,The bread is stale.
stalk,n/v,/stɔːk/,茎,4,高频|六级,The deer stalks are tall.
stall,n/v,/stɔːl/,摊位,4,高频|六级,The market has many stalls.
stamp,n/v,/stæmp/,邮票,3,高频|四级,Put a stamp on the letter.
stand,v/n,/stænd/,站立、站立,1,高频,Stand up  please.
standard,n/adj,/ˈstændərd/,标准,3,高频|四级,The work is of high standard.
standpoint,n,/ˈstændpɔɪnt/,立场、立场,5,高频,From my standpoint  it's fine.
star,n/v,/stɑːr/,星星,1,高频|高考,The stars shine at night.
stare,v/n,/steər/,凝视,3,高频|四级,Don't stare at me.
start,v/n,/stɑːrt/,开始,1,高频|高考,Let's start the meeting.
startle,v,/ˈstɑːrtl/,使惊吓,5,高频|六级,The noise startled me.
starve,v,/stɑːrv/,挨饿,4,高频|六级,Thousands of people are starving.
state,n/v,/steɪt/,州、州、陈述,2,高频|四级,He lives in New York State.
statement,n,/ˈsteɪtmənt/,声明,4,高频|六级,The company issued a statement.
statesman,n,/ˈsteɪtsmən/,政治家,5,高频|六级,He was a great statesman.
static,adj,/ˈstætɪk/,静态的,5,高频|六级,The economy is static.
station,n/v,/ˈsteɪʃn/,站,2,高频|四级,The train station is near here.
stationery,n,/ˈsteɪʃəneri/,文具,4,高频|六级,We need to buy stationery.
statistic,n,/stəˈtɪstɪk/,统计,4,高频|六级,The statistics are surprising.
statue,n,/ˈstætʃuː/,雕像,4,高频|六级,The statue is in the park.
status,n,/ˈsteɪtəs/,地位,4,高频|六级,Her social status is high.
stay,v/n,/steɪ/,停留,1,高频|高考,Stay here.
steady,adj,/ˈstedi/,稳定的,3,高频|四级,The economy is steady.
steak,n,/steɪk/,牛排,3,高频|四级,We had steak for dinner.
steal,v,/stiːl/,偷,2,高频|四级,Don't steal.
steam,n/v,/stiːm/,蒸汽,4,高频|六级,Steam rose from the kettle.
steel,n,/stiːl/,钢,3,高频|四级,The bridge is made of steel.
steep,adj,/stiːp/,陡峭的,4,高频|六级,The hill is steep.
steer,v,/stɪər/,驾驶,4,高频|六级,Steer the car carefully.
stem,n/v,/stem/,茎、茎、起源,4,高频|六级,The stem of the plant.
step,n/v,/step/,步骤,1,高频|高考,Take one step at a time.
stereotype,n/v,/ˈsteriətaɪp/,刻板印象,5,高频|六级|雅思,Don't judge by stereotypes.
sterling,n/adj,/ˈstɜːrlɪŋ/,英镑,5,高频|六级|商务,Sterling fell against the dollar.
stew,n/v,/stjuː/,炖,3,高频|四级,She made a beef stew.
stick,n/v,/stɪk/,棍、棍、粘,2,高频|四级,Stick the label on the box.
sticky,adj,/ˈstɪki/,粘的,3,高频|四级,My hands are sticky.
stiff,adj,/stɪf/,僵硬的,4,高频|六级,The card is stiff.
still,adv/adj,/stɪl/,仍然,1,高频|高考,She is still sleeping.
stimulate,v,/ˈstɪmjuleɪt/,刺激,5,高频|六级,Music stimulates the brain.
sting,n/v,/stɪŋ/,刺痛,4,高频|六级,The bee stung me.
stink,v/n,/stɪŋk/,发臭,5,高频|六级,The fish stinks.
stir,v,/stɜːr/,搅拌,4,高频|六级,Stir the soup.
stitch,n/v,/stɪtʃ/,针脚,4,高频|六级,She put a stitch in the cloth.
stock,n/v,/stɒk/,股票,4,高频|六级|商务,The stock price rose.
stocking,n,/ˈstɒkɪŋ/,长袜,3,高频|四级,She wore stockings.
stomach,n,/ˈstʌmək/,胃,3,高频|四级,My stomach hurts.
stone,n,/stoʊn/,石头,2,高频|四级,He threw a stone.
stool,n,/stuːl/,凳子,3,高频|四级,Sit on the stool.
stop,v/n,/stɒp/,停止,1,高频|高考,Stop talking.
store,n/v,/stɔːr/,商店、商店、储存,1,高频|高考,She works at a store.
storey,n,/ˈstɔːri/,楼层,3,高频|四级,The building has 10 storeys.
stork,n,/stɔːrk/,鹳,4,高频|六级,The stork built a nest.
storm,n/v,/stɔːrm/,风暴,3,高频|四级,A storm is coming.
story,n,/ˈstɔːri/,故事,1,高频|高考,She told a story.
stove,n,/stoʊv/,炉子,3,高频|四级,Cook on the stove.
straight,adj/adv,/streɪt/,直的,2,高频|四级,Go straight ahead.
strain,n/v,/streɪn/,紧张,4,高频|六级,Don't strain your eyes.
strait,n,/streɪt/,海峡,5,高频|六级,The Bering Strait.
strange,adj,/streɪndʒ/,奇怪的,2,高频|四级,That's a strange idea.
stranger,n,/ˈstreɪndʒər/,陌生人,2,高频|四级,Don't talk to strangers.
strap,n/v,/stræp/,带子,4,高频|六级,Fasten the strap.
strategic,adj,/strəˈtiːdʒɪk/,战略的,5,高频|六级|雅思,This is a strategic decision.
strategy,n,/ˈstrætədʒi/,战略,4,高频|六级|雅思,We need a new strategy.
straw,n,/strɔː/,稻草,3,高频|四级,Drink through a straw.
strawberry,n,/ˈstrɔːberi/,草莓,3,高频|四级,I love strawberries.
stray,adj/v,/streɪ/,走失的,5,高频|六级,The stray dog is hungry.
stream,n/v,/striːm/,溪流,3,高频|四级,A small stream flows through the village.
street,n,/striːt/,街道,1,高频|高考,Walk along the street.
strength,n,/streŋθ/,力量,3,高频|四级,She has inner strength.
strengthen,v,/ˈstreŋθn/,加强,4,高频|六级,Strengthen the team.
strenuous,adj,/ˈstrenjuəs/,费力的,5,高频|六级,The work is strenuous.
stress,n/v,/stres/,压力,3,高频|四级,She is under a lot of stress.
stretch,v/n,/stretʃ/,伸展,3,高频|四级,Stretch your arms.
strict,adj,/strɪkt/,严格的,3,高频|四级,The rules are strict.
stride,n/v,/straɪd/,大步走,4,高频|六级,He took long strides.
strike,n/v,/straɪk/,罢工、罢工、打击,4,高频|六级,The workers went on strike.
striking,adj,/ˈstraɪkɪŋ/,引人注目的,4,高频|六级,She is strikingly beautiful.
string,n/v,/strɪŋ/,绳子,3,高频|四级,Tie the string.
strip,n/v,/strɪp/,条、条、剥,4,高频|六级,A strip of paper.
strive,v,/straɪv/,努力,5,高频|六级|雅思,Strive for excellence.
stroke,n/v,/stroʊk/,抚摸、抚摸、中风,4,高频|六级,He had a stroke.
stroll,n/v,/stroʊl/,散步,4,高频|六级,Let's take a stroll.
strong,adj,/strɒŋ/,强壮的,1,高频|高考,He is a strong man.
structure,n/v,/ˈstrʌktʃər/,结构,4,高频|六级,The building's structure is solid.
struggle,n/v,/ˈstrʌɡl/,挣扎,4,高频|六级,She struggled to make ends meet.
stubborn,adj,/ˈstʌbərn/,顽固的,5,高频|六级,He is as stubborn as a mule.
student,n,/ˈstjuːdnt/,学生,1,高频|高考,She is a university student.
studio,n,/ˈstjuːdioʊ/,工作室,3,高频|四级,The artist works in a studio.
study,n/v,/ˈstʌdi/,学习,1,高频|高考,Study hard.
stuff,n/v,/stʌf/,东西,3,高频|四级,What is this stuff?
stumble,v,/ˈstʌmbl/,绊倒,4,高频|六级,He stumbled over a stone.
stun,v,/stʌn/,使震惊,5,高频|六级,The news stunned everyone.
stunning,adj,/ˈstʌnɪŋ/,极好的,4,高频|六级,The view is stunning.
stupid,adj,/ˈstjuːpɪd/,愚蠢的,2,高频|四级,Don't be stupid.
sturdy,adj,/ˈstɜːrdi/,结实的,4,高频|六级,The table is sturdy.
style,n/v,/staɪl/,风格,3,高频|四级,She has a unique style.
stylish,adj,/ˈstaɪlɪʃ/,时髦的,4,高频|六级,She looks stylish.
subject,n/adj,/ˈsʌbdʒɪkt/,主题,4,高频|六级,Change the subject.
submarine,n,/ˌsʌbməˈriːn/,潜水艇,5,高频|六级,The submarine surfaced.
submit,v,/səbˈmɪt/,提交,4,高频|六级,Submit your application.
subordinate,adj/n,/səˈbɔːrdɪnət/,下级的,5,高频|六级,He is a subordinate employee.
subscribe,v,/səbˈskraɪb/,订阅,4,高频|六级,Subscribe to the newsletter.
subsequent,adj,/ˈsʌbsɪkwənt/,随后的,5,高频|六级,Subsequent events proved him right.
subsidy,n,/ˈsʌbsədi/,补贴,5,高频|六级|商务,The government provides subsidies.
substance,n,/ˈsʌbstəns/,物质,4,高频|六级,The substance is toxic.
substantial,adj,/səbˈstænʃl/,大量的,5,高频|六级|雅思,She made a substantial profit.
substitute,n/v,/ˈsʌbstɪtjuːt/,替代,4,高频|六级,Find a substitute teacher.
subtle,adj,/ˈsʌtl/,微妙的,5,高频|六级|雅思,There is a subtle difference.
subtract,v,/səbˈtrækt/,减去,3,高频|四级,Subtract 5 from 10.
suburb,n,/ˈsʌbɜːrb/,郊区,3,高频|四级,They live in the suburbs.
subway,n,/ˈsʌbweɪ/,地铁,2,高频|四级,Take the subway to work.
succeed,v,/səkˈsiːd/,成功,3,高频|四级,She succeeded in the exam.
success,n,/səkˈses/,成功,2,高频|四级,Her success is well-deserved.
successful,adj,/səkˈsesfl/,成功的,3,高频|四级,He is a successful businessman.
succession,n,/səkˈseʃn/,连续,5,高频|六级,Three wins in succession.
successor,n,/səkˈsesər/,继任者,5,高频|六级,He is the successor to the throne.
such,adj,/sʌtʃ/,这样的,1,高频|高考,Such a nice day!
suck,v,/sʌk/,吸,3,高频|四级,Suck the juice through the straw.
sudden,adj,/ˈsʌdn/,突然的,3,高频|四级,There was a sudden change.
sue,v,/suː/,起诉,5,高频|六级,She sued the company.
suffer,v,/ˈsʌfər/,遭受,3,高频|四级,He suffers from asthma.
sufficient,adj,/səˈfɪʃnt/,足够的,4,高频|六级,We have sufficient evidence.
suffix,n,/ˈsʌfɪks/,后缀,5,高频|六级,Add the suffix '-ly'.
sugar,n,/ˈʃʊɡər/,糖,2,高频|四级,Add sugar to the tea.
suggest,v,/səˈdʒest/,建议,3,高频|四级,I suggest going for a walk.
suggestion,n,/səˈdʒestʃən/,建议,3,高频|四级,Thank you for the suggestion.
suicide,n,/ˈsuːɪsaɪd/,自杀,5,高频|六级,Suicide rates are rising.
suit,n/v,/suːt/,套装、套装、适合,2,高频|四级,This suit fits you well.
suitable,adj,/ˈsuːtəbl/,合适的,3,高频|四级,Is this suitable for children?
suitcase,n,/ˈsuːtkeɪs/,手提箱,3,高频|四级|旅行,Pack your suitcase.
suite,n,/swiːt/,套房,4,高频|六级,We stayed in a suite.
sulfur,n,/ˈsʌlfər/,硫,5,高频|六级,Sulfur smells bad.
sum,n/v,/sʌm/,总数,3,高频|四级,The sum of 2 and 3 is 5.
summarize,v,/ˈsʌməraɪz/,总结,4,高频|六级,Summarize the article.
summary,n,/ˈsʌməri/,摘要,4,高频|六级,Write a summary of the report.
summer,n,/ˈsʌmər/,夏天,1,高频|高考,Summer is hot.
summit,n,/ˈsʌmɪt/,顶峰,5,高频|六级,They reached the summit.
summon,v,/ˈsʌmən/,召唤,5,高频|六级,He was summoned to court.
sun,n,/sʌn/,太阳,1,高频|高考,The sun is shining.
sunlight,n,/ˈsʌnlaɪt/,阳光,3,高频|四级,The sunlight is bright.
sunny,adj,/ˈsʌni/,晴朗的,2,高频|四级,It's a sunny day.
sunrise,n,/ˈsʌnraɪz/,日出,3,高频|四级,We watched the sunrise.
sunset,n,/ˈsʌnset/,日落,3,高频|四级,The sunset is beautiful.
sunshine,n,/ˈsʌnʃaɪn/,阳光,3,高频|四级,The sunshine warmed us.
super,adj,/ˈsuːpər/,超级的,2,高频|四级,That's super cool!
superb,adj,/suːˈpɜːrb/,极好的,5,高频|六级,The meal was superb.
superficial,adj,/ˌsuːpərˈfɪʃl/,表面的,5,高频|六级|雅思,He has a superficial knowledge.
superintendent,n,/ˌsuːpərɪnˈtendənt/,监督人,5,高频|六级,The superintendent inspected the school.
superior,adj/n,/suːˈpɪəriər/,优越的,5,高频|六级,This product is superior.
supermarket,n,/ˈsuːpərmɑːrkɪt/,超市,2,高频|四级,We shop at the supermarket.
supernatural,adj,/ˌsuːpərˈnætʃərəl/,超自然的,5,高频|六级,The movie is about supernatural events.
supersonic,adj,/ˌsuːpərˈsɒnɪk/,超音速的,5,高频|六级,Supersonic jets are fast.
superstition,n,/ˌsuːpərˈstɪʃn/,迷信,5,高频|六级,Superstition is common.
supervise,v,/ˈsuːpərvaɪz/,监督,5,高频|六级,Supervise the workers.
supper,n,/ˈsʌpər/,晚餐,2,高频|四级,We had supper at 7.
supplement,n/v,/ˈsʌplɪmənt/,补充,5,高频|六级|雅思,Take vitamin supplements.
supply,n/v,/səˈplaɪ/,供给,3,高频|四级,Supply and demand.
support,v/n,/səˈpɔːrt/,支持,2,高频|四级,Thank you for your support.
supporter,n,/səˈpɔːrtər/,支持者,4,高频|六级,He is a supporter of the team.
suppose,v,/səˈpoʊz/,假设,3,高频|四级,Suppose it rains tomorrow.
suppress,v,/səˈpres/,镇压,5,高频|六级,Suppress the rebellion.
supreme,adj,/suːˈpriːm/,最高的,5,高频|六级,The supreme court made a decision.
sure,adj,/ʃʊr/,确信的,1,高频|高考,Are you sure?
surely,adv,/ˈʃʊrli/,当然,2,高频|四级,He will surely come.
surf,n/v,/sɜːrf/,冲浪,3,高频|四级|旅行,Let's go surfing.
surface,n/v,/ˈsɜːrfɪs/,表面,3,高频|四级,The surface of the table is smooth.
surgeon,n,/ˈsɜːrdʒən/,外科医生,5,高频|六级,The surgeon performed the operation.
surgery,n,/ˈsɜːrdʒəri/,手术,5,高频|六级,She had surgery yesterday.
surplus,n/adj,/ˈsɜːrplʌs/,盈余,5,高频|六级|商务,The country has a trade surplus.
surprise,n/v,/sərˈpraɪz/,惊喜,2,高频|四级,What a nice surprise!
surrender,v/n,/səˈrendər/,投降,5,高频|六级,The enemy surrendered.
surround,v,/səˈraʊnd/,围绕,3,高频|四级,The house is surrounded by trees.
survey,n/v,/ˈsɜːrveɪ/,调查,4,高频|六级,Conduct a survey.
survival,n,/sərˈvaɪvl/,生存,4,高频|六级,Survival is the first priority.
survive,v,/sərˈvaɪv/,幸存,3,高频|四级,She survived the accident.
survivor,n,/sərˈvaɪvər/,幸存者,4,高频|六级,The survivors were rescued.
suspect,v/n,/səˈspekt/,怀疑、怀疑、嫌疑犯,4,高频|六级,The police suspect him.
suspend,v,/səˈspend/,暂停、暂停、悬挂,5,高频|六级,The game was suspended.
suspense,n,/səˈspens/,悬念,5,高频|六级,The movie was full of suspense.
suspicion,n,/səˈspɪʃn/,怀疑,5,高频|六级,She had a suspicion he was lying.
suspicious,adj,/səˈspɪʃəs/,可疑的,5,高频|六级,His behavior is suspicious.
sustain,v,/səˈsteɪn/,维持,5,高频|六级|雅思,Sustain the environment.
sustainable,adj,/səˈsteɪnəbl/,可持续的,5,高频|六级|雅思,Sustainable development is important.
swallow,v/n,/ˈswɒloʊ/,吞,3,高频|四级,Swallow the pill.
swamp,n,/swɒmp/,沼泽,5,高频|六级,The swamp is dangerous.
swap,v/n,/swɒp/,交换,4,高频|六级,Let's swap seats.
swarm,n/v,/swɔːrm/,蜂群,5,高频|六级,Bees swarm around the hive.
sway,v/n,/sweɪ/,摇摆,4,高频|六级,The trees swayed in the wind.
swear,v,/sweər/,发誓,4,高频|六级,Don't swear in public.
sweat,n/v,/swet/,汗,3,高频|四级,She wiped the sweat from her forehead.
sweater,n,/ˈswetər/,毛衣,2,高频|四级,Put on a sweater.
sweep,v,/swiːp/,扫,3,高频|四级,Sweep the floor.
sweet,adj/n,/swiːt/,甜的,1,高频|高考,The cake is sweet.
swell,v/adj,/swel/,膨胀,4,高频|六级,His ankle swelled.
swift,adj,/swɪft/,迅速的,5,高频|六级,The river is swift.
swim,v/n,/swɪm/,游泳,1,高频|高考,Let's go swimming.
swing,n/v,/swɪŋ/,摇摆,3,高频|四级,The children swung on the swing.
switch,n/v,/swɪtʃ/,开关、开关、转换,3,高频|四级,Turn on the switch.
sword,n,/sɔːrd/,剑,4,高频|六级,The knight drew his sword.
syllable,n,/ˈsɪləbl/,音节,5,高频|六级,How many syllables in this word?
symbol,n,/ˈsɪmbəl/,符号,4,高频|六级,The dove is a symbol of peace.
symbolize,v,/ˈsɪmbəlaɪz/,象征,5,高频|六级,The color white symbolizes purity.
sympathetic,adj,/ˌsɪmpəˈθetɪk/,同情的,4,高频|六级,She is sympathetic to his problem.
sympathize,v,/ˈsɪmpəθaɪz/,同情,5,高频|六级,I sympathize with you.
sympathy,n,/ˈsɪmpəθi/,同情,4,高频|六级,Express your sympathy.
symphony,n,/ˈsɪmfəni/,交响乐,5,高频|六级,The symphony is beautiful.
symptom,n,/ˈsɪmptəm/,症状,4,高频|六级,The symptoms include fever.
synthesis,n,/ˈsɪnθəsɪs/,综合,5,高频|六级|雅思,He made a synthesis of ideas.
synthetic,adj,/sɪnˈθetɪk/,合成的,5,高频|六级,Synthetic materials are cheap.
syrup,n,/ˈsɪrəp/,糖浆,3,高频|四级,Maple syrup is sweet.
system,n,/ˈsɪstəm/,系统,2,高频|四级,The system works well.
systematic,adj,/ˌsɪstəˈmætɪk/,系统的,5,高频|六级,We need a systematic approach.
table,n/v,/ˈteɪbl/,桌子,1,高频|高考,Set the table.
tablecloth,n,/ˈteɪblklɒθ/,桌布,3,高频|四级,Spread the tablecloth.
tablespoon,n,/ˈteɪblspuːn/,汤匙,3,高频|四级,Add two tablespoons of sugar.
tablet,n,/ˈtæblət/,药片,4,高频|六级,Take two tablets a day.
tackle,v,/ˈtækl/,处理,4,高频|六级,Tackle the problem.
tag,n/v,/tæɡ/,标签,3,高频|四级,Attach the tag to the bag.
tail,n,/teɪl/,尾巴,2,高频|四级,The dog wagged its tail.
tailor,n/v,/ˈteɪlər/,裁缝,4,高频|六级,The tailor made the suit.
take,v,/teɪk/,拿,1,高频|高考,Take this book.
tale,n,/teɪl/,故事,3,高频|四级,He told a tale of adventure.
talent,n,/ˈtælənt/,才能,3,高频|四级,She has a talent for music.
talk,v/n,/tɔːk/,说话,1,高频|高考,Let's talk.
tall,adj,/tɔːl/,高的,1,高频|高考,He is very tall.
tame,adj/v,/teɪm/,驯服的,4,高频|六级,The horse is tame.
tan,n/v/adj,/tæn/,棕褐色,3,高频|四级,She has a tan.
tank,n,/tæŋk/,坦克、坦克、储罐,4,高频|六级,The fish tank is empty.
tanker,n,/ˈtæŋkər/,油轮,5,高频|六级,The tanker carries oil.
tap,n/v,/tæp/,水龙头,3,高频|四级,Turn on the tap.
tape,n/v,/teɪp/,磁带,3,高频|四级,Record the song on tape.
target,n/v,/ˈtɑːrɡɪt/,目标,3,高频|四级,Hit the target.
tariff,n,/ˈtærɪf/,关税,5,高频|六级|商务,The tariff was raised.
task,n/v,/tɑːsk/,任务,3,高频|四级,Complete the task.
taste,n/v,/teɪst/,味道,2,高频|四级,The food tastes good.
tax,n/v,/tæks/,税,3,高频|四级|商务,Pay your taxes on time.
taxi,n,/ˈtæksi/,出租车,1,高频|高考|旅行,Take a taxi to the airport.
tea,n,/tiː/,茶,1,高频|高考,Would you like some tea?
teach,v,/tiːtʃ/,教,1,高频|高考,She teaches English.
teacher,n,/ˈtiːtʃər/,老师,1,高频|高考,She is a teacher.
team,n/v,/tiːm/,团队,1,高频|高考,We work as a team.
tear,v/n,/teər/,撕、撕、眼泪,2,高频|四级,She tore the paper.
tease,v,/tiːz/,戏弄,3,高频|四级,Don't tease the dog.
teaspoon,n,/ˈtiːspuːn/,茶匙,3,高频|四级,Add a teaspoon of salt.
technical,adj,/ˈteknɪkl/,技术的,4,高频|六级,He has technical skills.
technician,n,/tekˈnɪʃn/,技术员,4,高频|六级,The technician fixed the machine.
technique,n,/tekˈniːk/,技巧,4,高频|六级,She learned new techniques.
technological,adj,/ˌteknəˈlɒdʒɪkl/,科技的,4,高频|六级,Technological advances are rapid.
technology,n,/tekˈnɒlədʒi/,技术,3,高频|四级,Modern technology is amazing.
tedious,adj,/ˈtiːdiəs/,乏味的,5,高频|六级,The work is tedious.
teenager,n,/ˈtiːneɪdʒər/,青少年,3,高频|四级,Many teenagers love video games.
telegram,n,/ˈtelɪɡræm/,电报,5,高频|六级,Send a telegram.
telegraph,n/v,/ˈtelɪɡrɑːf/,电报机,5,高频|六级,He telegraphed the news.
telephone,n/v,/ˈtelɪfoʊn/,电话,1,高频|高考,Answer the telephone.
telescope,n,/ˈtelɪskoʊp/,望远镜,4,高频|六级,Look through the telescope.
television,n,/ˈtelɪvɪʒn/,电视,1,高频|高考,Watch television.
tell,v,/tel/,告诉,1,高频|高考,Tell me the truth.
temper,n,/ˈtempər/,脾气,4,高频|六级,He has a bad temper.
temperature,n,/ˈtemprətʃər/,温度,3,高频|四级,The temperature dropped.
temple,n,/ˈtempl/,寺庙,3,高频|四级,We visited an ancient temple.
temporary,adj,/ˈtemprəri/,临时的,4,高频|六级,This is a temporary solution.
tempt,v,/tempt/,引诱,4,高频|六级,Don't tempt fate.
temptation,n,/tempˈteɪʃn/,诱惑,4,高频|六级,Resist the temptation.
ten,num,/ten/,十,1,高频|高考,I have ten fingers.
tenant,n,/ˈtenənt/,租户,5,高频|六级,The tenant pays rent.
tend,v,/tend/,倾向,3,高频|四级,Children tend to be curious.
tendency,n,/ˈtendənsi/,倾向,4,高频|六级,He has a tendency to overeat.
tender,adj/v,/ˈtendər/,温柔的,4,高频|六级,The meat is tender.
tennis,n,/ˈtenɪs/,网球,2,高频|四级,Let's play tennis.
tense,adj/n,/tens/,紧张的,4,高频|六级,The atmosphere is tense.
tension,n,/ˈtenʃn/,紧张,4,高频|六级,The tension is high.
tent,n,/tent/,帐篷,3,高频|四级,We slept in a tent.
tenth,num,/tenθ/,第十,2,高频|四级,This is the tenth time.
term,n/v,/tɜːrm/,学期、学期、术语,3,高频|四级,The school term starts in September.
terminal,adj/n,/ˈtɜːrmɪnl/,末端的、末端的、终点站,5,高频|六级,The flight leaves from terminal 3.
terminate,v,/ˈtɜːrmɪneɪt/,终止,5,高频|六级,The contract was terminated.
terrace,n,/ˈterəs/,露台,4,高频|六级,We had dinner on the terrace.
terrible,adj,/ˈterəbl/,可怕的,3,高频|四级,The accident was terrible.
terrific,adj,/təˈrɪfɪk/,极好的,4,高频|六级,That's terrific news!
terrify,v,/ˈterɪfaɪ/,使恐惧,4,高频|六级,The horror movie terrified me.
territory,n,/ˈterətɔːri/,领土,4,高频|六级,The territory is disputed.
terror,n,/ˈterər/,恐怖,4,高频|六级,The people lived in terror.
terrorism,n,/ˈterərɪzəm/,恐怖主义,5,高频|六级|雅思,Terrorism is a global threat.
terrorist,n,/ˈterərɪst/,恐怖分子,5,高频|六级,The terrorist was arrested.
test,n/v,/test/,测试,1,高频|高考,Take the test.
testify,v,/ˈtestɪfaɪ/,作证,5,高频|六级,He testified in court.
testimony,n,/ˈtestɪməʊni/,证词,5,高频|六级|雅思,Her testimony was crucial.
text,n/v,/tekst/,文本,3,高频|四级,Read the text carefully.
textbook,n,/ˈtekstbʊk/,教科书,3,高频|四级,Open your textbooks.
textile,n,/ˈtekstaɪl/,纺织品,5,高频|六级,The textile industry is large.
texture,n,/ˈtekstʃər/,质地,5,高频|六级,The texture is smooth.
than,conj,/ðæn/,比,1,高频|高考,She is taller than me.
thank,v,/θæŋk/,感谢,1,高频|高考,Thank you for your help.
that,adj/pron,/ðæt/,那,1,高频|高考,That book is mine.
the,art,/ðə/,这个,1,高频|高考,The cat is sleeping.
theater,n,/ˈθɪətər/,剧院,2,高频|四级,We went to the theater.
theft,n,/θeft/,盗窃,4,高频|六级,He was charged with theft.
their,pron,/ðeər/,他们的,1,高频|高考,Their house is big.
them,pron,/ðem/,他们,1,高频|高考,Give them the book.
theme,n,/θiːm/,主题,4,高频|六级,The theme of the book is love.
themselves,pron,/ðəmˈselvz/,他们自己,2,高频|四级,They did it themselves.
then,adv,/ðen/,然后、然后,1,高频,We ate  then left.
theoretical,adj,/ˌθɪəˈretɪkl/,理论的,5,高频|六级,This is a theoretical question.
theory,n,/ˈθɪəri/,理论,4,高频|六级,Einstein's theory of relativity.
therapy,n,/ˈθerəpi/,疗法,5,高频|六级,She is undergoing therapy.
there,adv,/ðeər/,那里,1,高频|高考,Go there now.
therefore,adv,/ˈðeərfɔːr/,因此、因此,3,高频,Therefore  we must act.
thermometer,n,/θərˈmɒmɪtər/,温度计,3,高频|四级,Use a thermometer to check the temperature.
these,adj/pron,/ðiːz/,这些,1,高频|高考,These books are mine.
they,pron,/ðeɪ/,他们,1,高频|高考,They are my friends.
thick,adj,/θɪk/,厚的,3,高频|四级,The book is thick.
thief,n,/θiːf/,小偷,4,高频|六级,The thief was caught.
thigh,n,/θaɪ/,大腿,4,高频|六级,He injured his thigh.
thin,adj,/θɪn/,薄的,2,高频|四级,The paper is thin.
thing,n,/θɪŋ/,东西,1,高频|高考,What is this thing?
think,v,/θɪŋk/,认为,1,高频|高考,I think so.
third,num,/θɜːrd/,第三,1,高频|高考,This is the third time.
thirst,n,/θɜːrst/,口渴,3,高频|四级,Quench your thirst.
thirsty,adj,/ˈθɜːrsti/,渴的,2,高频|四级,I am thirsty.
thirteen,num,/ˌθɜːrˈtiːn/,十三,1,高频|高考,She is thirteen years old.
thirty,num,/ˈθɜːrti/,三十,1,高频|高考,There are thirty students.
this,adj/pron,/ðɪs/,这个,1,高频|高考,This is my book.
thorn,n,/θɔːrn/,刺,4,高频|六级,Roses have thorns.
thorough,adj,/ˈθʌrə/,彻底的,4,高频|六级,Do a thorough search.
those,adj/pron,/ðoʊz/,那些,1,高频|高考,Those people are nice.
though,conj,/ðoʊ/,虽然、虽然,2,高频,Though tired  she kept working.
thought,n,/θɔːt/,想法,1,高频|高考,Share your thoughts.
thousand,num,/ˈθaʊznd/,千,1,高频|高考,Thousands of people gathered.
thread,n/v,/θred/,线,4,高频|六级,Thread the needle.
threat,n,/θret/,威胁,4,高频|六级,Climate change is a threat.
threaten,v,/ˈθretn/,威胁,4,高频|六级,The storm threatened the city.
three,num,/θriː/,三,1,高频|高考,She has three sisters.
thrill,n/v,/θrɪl/,激动,4,高频|六级,The thrill of adventure.
thrilled,adj,/θrɪld/,非常兴奋的,4,高频|六级,I was thrilled to hear the news.
thrive,v,/θraɪv/,茁壮成长,5,高频|六级,Plants thrive in the sunshine.
throat,n,/θroʊt/,喉咙,3,高频|四级,My throat is sore.
throne,n,/θroʊn/,王位,5,高频|六级,He ascended the throne.
through,prep/adv,/θruː/,穿过,1,高频|高考,Walk through the park.
throughout,prep,/θruːˈaʊt/,遍及,3,高频|四级,Throughout the world.
throw,v,/θroʊ/,扔,1,高频|高考,Throw the ball.
thrust,n/v,/θrʌst/,推,5,高频|六级,He thrust the knife forward.
thumb,n,/θʌm/,拇指,3,高频|四级,Suck your thumb.
thunder,n/v,/ˈθʌndər/,雷,3,高频|四级,Thunder rumbled in the distance.
thunderstorm,n,/ˈθʌndərstɔːrm/,雷暴,3,高频|四级,A thunderstorm is coming.
Thursday,n,/ˈθɜːrzdeɪ/,星期四,1,高频|高考,See you on Thursday.
thus,adv,/ðʌs/,因此、因此,4,高频,Thus  we succeeded.
tick,n/v,/tɪk/,滴答声,3,高频|四级,The clock ticks.
ticket,n,/ˈtɪkɪt/,票,1,高频|高考,Buy a ticket.
tide,n,/taɪd/,潮汐,4,高频|六级,The tide is coming in.
tidy,adj/v,/ˈtaɪdi/,整洁的,3,高频|四级,Keep your room tidy.
tie,n/v,/taɪ/,领带、领带、系,2,高频|四级,Tie your shoelaces.
tiger,n,/ˈtaɪɡər/,老虎,2,高频|四级,The tiger is dangerous.
tight,adj,/taɪt/,紧的,3,高频|四级,The shoes are too tight.
tile,n/v,/taɪl/,瓷砖,4,高频|六级,Tile the floor.
till,prep/conj,/tɪl/,直到,3,高频|四级,Wait till tomorrow.
timber,n,/ˈtɪmbər/,木材,5,高频|六级,Timber is used for building.
time,n/v,/taɪm/,时间,1,高频|高考,What time is it?
timely,adj,/ˈtaɪmli/,及时的,5,高频|六级,Thank you for your timely help.
timetable,n,/ˈtaɪmteɪbl/,时刻表,3,高频|四级,Check the timetable.
timid,adj,/ˈtɪmɪd/,胆小的,5,高频|六级,He is timid around strangers.
tin,n,/tɪn/,锡,3,高频|四级,The can is made of tin.
tiny,adj,/ˈtaɪni/,微小的,2,高频|四级,The room is tiny.
tip,n/v,/tɪp/,小费、小费、尖端,3,高频|四级,Leave a tip for the waiter.
tire,n/v,/ˈtaɪər/,轮胎、轮胎、使疲劳,2,高频|四级,Change the tire.
tired,adj,/ˈtaɪərd/,疲倦的,1,高频|高考,I'm tired.
tiresome,adj,/ˈtaɪərsəm/,无聊的,5,高频|六级,The work is tiresome.
tiring,adj,/ˈtaɪərɪŋ/,累人的,3,高频|四级,The trip was tiring.
tissue,n,/ˈtɪʃuː/,组织、组织、纸巾,4,高频|六级,Use a tissue.
title,n/v,/ˈtaɪtl/,标题,3,高频|四级,The title of the book.
to,prep,/tuː/,到,1,高频|高考,Go to school.
toast,n/v,/toʊst/,吐司、吐司、敬酒,3,高频|四级,Let's toast the bride and groom.
tobacco,n,/təˈbækoʊ/,烟草,5,高频|六级,He quit smoking tobacco.
today,adv/n,/təˈdeɪ/,今天,1,高频|高考,Today is Monday.
toddler,n,/ˈtɒdlər/,学步的小孩,4,高频|六级,Watch the toddler carefully.
toe,n,/toʊ/,脚趾,3,高频|四级,He hurt his toe.
toffee,n,/ˈtɒfi/,太妃糖,4,高频|六级,She loves toffee.
tofu,n,/ˈtoʊfuː/,豆腐,4,高频|六级,Tofu is rich in protein.
together,adv,/təˈɡeðər/,一起,1,高频|高考,Let's go together.
toil,v/n,/tɔɪl/,辛苦工作,5,高频|六级,They toiled in the fields.
toilet,n,/ˈtɔɪlət/,厕所,2,高频|四级,Where is the toilet?
token,n/adj,/ˈtoʊkən/,代币、代币、象征性的,5,高频|六级,He gave her a token gift.
tolerance,n,/ˈtɒlərəns/,容忍,5,高频|六级|雅思,We need more tolerance.
tolerant,adj,/ˈtɒlərənt/,宽容的,5,高频|六级,Be tolerant of others.
tolerate,v,/ˈtɒləreɪt/,容忍,4,高频|六级,I cannot tolerate this noise.
toll,n/v,/toʊl/,通行费,4,高频|六级,Pay the toll.
tomato,n,/təˈmeɪtoʊ/,西红柿,2,高频|四级,Slice the tomatoes.
tomb,n,/tuːm/,坟墓,4,高频|六级,The ancient tomb was discovered.
tomorrow,adv/n,/təˈmɒroʊ/,明天,1,高频|高考,See you tomorrow.
ton,n,/tʌn/,吨,3,高频|四级,The ship weighs 100 tons.
tone,n,/toʊn/,语气,4,高频|六级,Speak in a friendly tone.
tongue,n,/tʌŋ/,舌头、舌头、语言,3,高频|四级,She speaks with her tongue.
tonight,adv/n,/təˈnaɪt/,今晚,1,高频|高考,See you tonight.
too,adv,/tuː/,也、也、太,1,高频|高考,Me too.
tool,n/v,/tuːl/,工具,2,高频|四级,Use the right tools.
toolbox,n,/ˈtuːlbɒks/,工具箱,3,高频|四级,The toolbox is in the garage.
tooth,n,/tuːθ/,牙齿,2,高频|四级,Brush your teeth.
toothache,n,/ˈtuːθeɪk/,牙痛,3,高频|四级,I have a toothache.
toothbrush,n,/ˈtuːθbrʌʃ/,牙刷,2,高频|四级,Buy a new toothbrush.
toothpaste,n,/ˈtuːθpeɪst/,牙膏,2,高频|四级,Use toothpaste twice a day.
top,n/adj/v,/tɒp/,顶部,1,高频|高考,The top of the mountain.
topic,n,/ˈtɒpɪk/,话题,3,高频|四级,Change the topic.
torch,n,/tɔːrtʃ/,手电筒,4,高频|六级,Shine the torch.
tornado,n,/tɔːrˈneɪdoʊ/,龙卷风,5,高频|六级,The tornado caused damage.
torrent,n,/ˈtɒrənt/,急流,5,高频|六级,Rain fell in torrents.
torture,n/v,/ˈtɔːrtʃər/,酷刑,5,高频|六级,Torture is forbidden.
toss,v/n,/tɒs/,抛,3,高频|四级,Toss the ball.
total,adj/n/v,/ˈtoʊtl/,总的,3,高频|四级,The total amount is $100.
totally,adv,/ˈtoʊtəli/,完全,3,高频|四级,I'm totally confused.
touch,v/n,/tʌtʃ/,触摸,2,高频|四级,Don't touch the painting.
tough,adj,/tʌf/,坚韧的,4,高频|六级,The meat is tough.
tour,n/v,/tʊər/,旅行,3,高频|四级|旅行,We went on a tour.
tourism,n,/ˈtʊərɪzəm/,旅游业,4,高频|六级,Tourism is a major industry.
tourist,n,/ˈtʊərɪst/,游客,2,高频|四级|旅行,The tourists took photos.
tournament,n,/ˈtʊərnəmənt/,锦标赛,4,高频|六级,The tennis tournament starts tomorrow.
tow,v,/toʊ/,拖,4,高频|六级,Tow the car to the garage.
toward,prep,/tɔːrˈwɑːrd/,向,3,高频|四级,Walk toward the door.
towel,n,/ˈtaʊəl/,毛巾,2,高频|四级,Use a clean towel.
tower,n/v,/ˈtaʊər/,塔,3,高频|四级,The tower is tall.
town,n,/taʊn/,城镇,1,高频|高考,The town is small.
toxic,adj,/ˈtɒksɪk/,有毒的,4,高频|六级,Toxic waste is dangerous.
toy,n/v,/tɔɪ/,玩具,1,高频|高考,The child played with toys.
trace,n/v,/treɪs/,痕迹、痕迹、追踪,3,高频|四级,Trace the letter.
track,n/v,/træk/,轨道、轨道、追踪,3,高频|四级,Run on the track.
trade,n/v,/treɪd/,贸易、贸易、交换,3,高频|四级|商务,International trade is important.
tradition,n,/trəˈdɪʃn/,传统,3,高频|四级,Family traditions are important.
traditional,adj,/trəˈdɪʃənl/,传统的,3,高频|四级,Traditional Chinese medicine.
traffic,n,/ˈtræfɪk/,交通,2,高频|四级,Traffic is heavy today.
tragedy,n,/ˈtrædʒədi/,悲剧,4,高频|六级,The play ended in tragedy.
tragic,adj,/ˈtrædʒɪk/,悲剧的,4,高频|六级,It was a tragic accident.
trail,n/v,/treɪl/,小径、小径、追踪,3,高频|四级,Follow the trail.
train,n/v,/treɪn/,火车、火车、训练,1,高频|高考,Take the train.
trainer,n,/ˈtreɪnər/,训练员,3,高频|四级,The dog trainer is patient.
training,n,/ˈtreɪnɪŋ/,训练,3,高频|四级,She has years of training.
trait,n,/treɪt/,特征,4,高频|六级,Honesty is a good trait.
traitor,n,/ˈtreɪtər/,叛徒,5,高频|六级,He was accused of being a traitor.
tram,n,/træm/,有轨电车,4,高频|六级,Take the tram to the city center.
tramp,n,/træmp/,流浪汉,4,高频|六级,A tramp walked by.
transaction,n,/trænˈzækʃn/,交易,5,高频|六级|商务,The transaction was completed.
transfer,v/n,/trænsˈfɜːr/,转移,4,高频|六级,Transfer the money to my account.
transform,v,/trænsˈfɔːrm/,转变,5,高频|六级|雅思,Technology has transformed our lives.
transit,n/v,/ˈtrænsɪt/,运输,5,高频|六级,The transit system is efficient.
transition,n,/trænˈzɪʃn/,过渡,5,高频|六级,The transition was smooth.
translate,v,/trænzˈleɪt/,翻译,3,高频|四级,Translate the sentence.
translation,n,/trænzˈleɪʃn/,翻译,3,高频|四级,The translation is accurate.
transmit,v,/trænzˈmɪt/,传输,5,高频|六级,Transmit the signal.
transparent,adj,/trænsˈpærənt/,透明的,4,高频|六级,The glass is transparent.
transplant,v/n,/trænsˈplɑːnt/,移植,5,高频|六级,The heart transplant was successful.
transport,n/v,/ˈtrænspɔːrt/,运输,4,高频|六级,Public transport is convenient.
trap,n/v,/træp/,陷阱,3,高频|四级,The mouse fell into the trap.
trash,n/v,/træʃ/,垃圾,3,高频|四级,Take out the trash.
travel,n/v,/ˈtrævl/,旅行,1,高频|高考,I love to travel.
traveler,n,/ˈtrævələr/,旅行者,3,高频|四级,The traveler was tired.
tray,n,/treɪ/,托盘,3,高频|四级,Put the tray on the table.
treacherous,adj,/ˈtretʃərəs/,危险的,5,高频|六级,The road is treacherous.
tread,v/n,/tred/,踩,5,高频|六级,Tread carefully on the ice.
treason,n,/ˈtriːzn/,叛国,5,高频|六级,He was accused of treason.
treasure,n/v,/ˈtreʒər/,财富、财富、珍爱,4,高频|六级,The treasure was buried.
treat,v,/triːt/,对待、对待、治疗,3,高频|四级,Treat others with respect.
treatment,n,/ˈtriːtmənt/,治疗,3,高频|四级,The treatment was effective.
treaty,n,/ˈtriːti/,条约,5,高频|六级,Sign the peace treaty.
tree,n,/triː/,树,1,高频|高考,Climb the tree.
trek,n/v,/trek/,长途跋涉,5,高频|六级,We trekked through the jungle.
tremble,v,/ˈtrembl/,颤抖,4,高频|六级,She trembled with fear.
tremendous,adj,/trɪˈmendəs/,巨大的,4,高频|六级,The success was tremendous.
trend,n/v,/trend/,趋势,4,高频|六级,Follow the latest trends.
trial,n,/ˈtraɪəl/,审判、审判、试验,4,高频|六级,The trial begins tomorrow.
triangle,n,/ˈtraɪæŋɡl/,三角形,3,高频|四级,Draw a triangle.
tribe,n,/traɪb/,部落,4,高频|六级,The tribe lives in the forest.
trick,n/v,/trɪk/,诡计,3,高频|四级,Don't play tricks on me.
trickle,v/n,/ˈtrɪkl/,滴流,4,高频|六级,Water trickled down the wall.
tricky,adj,/ˈtrɪki/,棘手的,4,高频|六级,This is a tricky problem.
tricycle,n,/ˈtraɪsɪkl/,三轮车,3,高频|四级,The child rode a tricycle.
trigger,n/v,/ˈtrɪɡər/,触发,5,高频|六级,Stress can trigger headaches.
trim,v/adj,/trɪm/,修剪,3,高频|四级,Trim the hedge.
trip,n/v,/trɪp/,旅行、旅行、绊倒,1,高频|高考,Have a nice trip.
triple,adj/v,/ˈtrɪpl/,三倍的,5,高频|六级,The price tripled.
triumph,n/v,/ˈtraɪʌmf/,胜利,5,高频|六级,The triumph was hard-won.
troop,n/v,/truːp/,军队,3,高频|四级,The troops marched forward.
trophy,n,/ˈtroʊfi/,奖杯,3,高频|四级,He won the trophy.
tropic,n,/ˈtrɒpɪk/,热带,5,高频|六级,The tropics are hot.
tropical,adj,/ˈtrɒpɪkl/,热带的,4,高频|六级,Tropical fruits are delicious.
trouble,n/v,/ˈtrʌbl/,麻烦,2,高频|四级,What's the trouble?
troublesome,adj,/ˈtrʌblsəm/,麻烦的,5,高频|六级,The problem is troublesome.
trousers,n,/ˈtraʊzərz/,裤子,2,高频|四级,Wear warm trousers.
trout,n,/traʊt/,鳟鱼,4,高频|六级,We caught a trout.
truck,n,/trʌk/,卡车,2,高频|四级,The truck is heavy.
true,adj,/truː/,真实的,1,高频|高考,Is the story true?
truly,adv,/ˈtruːli/,真正地,2,高频|四级,I'm truly sorry.
trumpet,n,/ˈtrʌmpɪt/,喇叭,3,高频|四级,She plays the trumpet.
trunk,n,/trʌŋk/,树干,3,高频|四级,The trunk of the tree.
trust,n/v,/trʌst/,信任,3,高频|四级,Trust your instincts.
trustworthy,adj,/ˈtrʌstwɜːrði/,值得信赖的,4,高频|六级,He is a trustworthy friend.
truth,n,/truːθ/,事实,2,高频|四级,Tell the truth.
truthful,adj,/ˈtruːθfl/,诚实的,4,高频|六级,Be truthful with me.
try,v/n,/traɪ/,尝试,1,高频|高考,Try your best.
tube,n,/tuːb/,管子,3,高频|四级,A tube of toothpaste.
Tuesday,n,/ˈtuːzdeɪ/,星期二,1,高频|高考,Today is Tuesday.
tuition,n,/tuˈɪʃn/,学费,4,高频|六级,Tuition is expensive.
tulip,n,/ˈtuːlɪp/,郁金香,3,高频|四级,She loves tulips.
tumble,v/n,/ˈtʌmbl/,跌倒,4,高频|六级,He tumbled down the stairs.
tuna,n,/ˈtuːnə/,金枪鱼,3,高频|四级,Eat tuna for protein.
tune,n/v,/tuːn/,曲调,3,高频|四级,Sing a tune.
tunnel,n/v,/ˈtʌnl/,隧道,3,高频|四级,Drive through the tunnel.
turkey,n,/ˈtɜːrki/,火鸡,2,高频|四级,We had turkey for Thanksgiving.
turn,n/v,/tɜːrn/,转动、转动、轮流,1,高频|高考,Turn right.
turning,n,/ˈtɜːrnɪŋ/,转弯处,4,高频|四级,Take the first turning.
turtle,n,/ˈtɜːrtl/,乌龟,2,高频|四级,The turtle walks slowly.
tutor,n/v,/ˈtuːtər/,导师,4,高频|六级,She hired a tutor.
twelfth,num,/twelfθ/,第十二,2,高频|四级,This is the twelfth time.
twelve,num,/twelv/,十二,1,高频|高考,I have twelve books.
twentieth,num,/ˈtwentiəθ/,第二十,2,高频|四级,This is the twentieth time.
twenty,num,/ˈtwenti/,二十,1,高频|高考,There are twenty students.
twice,adv,/twaɪs/,两次,1,高频|高考,I've been there twice.
twig,n,/twɪɡ/,小树枝,4,高频|六级,The bird sat on a twig.
twilight,n,/ˈtwaɪlaɪt/,黄昏,5,高频|六级,We walked in the twilight.
twin,n/adj,/twɪn/,双胞胎,2,高频|四级,She has twin brothers.
twinkle,v/n,/ˈtwɪŋkl/,闪烁,4,高频|六级,Stars twinkle in the sky.
twist,v/n,/twɪst/,扭曲,3,高频|四级,Twist the cap off.
two,num,/tuː/,二,1,高频|高考,I have two hands.
type,n/v,/taɪp/,类型、类型、打字,1,高频|高考,What type of music do you like?
typewriter,n,/ˈtaɪpraɪtər/,打字机,4,高频|六级,The typewriter is old.
typhoon,n,/taɪˈfuːn/,台风,5,高频|六级,The typhoon hit the coast.
typical,adj,/ˈtɪpɪkl/,典型的,3,高频|四级,It's a typical day.
typist,n,/ˈtaɪpɪst/,打字员,3,高频|四级,She works as a typist.
tyre,n,/ˈtaɪər/,轮胎,2,高频|四级,Change the tyre.
ugly,adj,/ˈʌɡli/,丑陋的,2,高频|四级,The building is ugly.
ultimate,adj,/ˈʌltɪmət/,最终的,5,高频|六级|雅思,This is the ultimate goal.
umbrella,n,/ʌmˈbrelə/,雨伞,2,高频|四级,Take an umbrella.
umpire,n/v,/ˈʌmpaɪər/,裁判,4,高频|六级,The umpire made a decision.
un,prefix,/ʌn/,不,1,高频|高考,He's unhappy.
unable,adj,/ʌnˈeɪbl/,不能的,3,高频|四级,I'm unable to attend.
unacceptable,adj,/ˌʌnəkˈseptəbl/,不可接受的,5,高频|六级,This is unacceptable behavior.
unaware,adj,/ˌʌnəˈweər/,不知道的,4,高频|六级,He was unaware of the danger.
unbelievable,adj,/ˌʌnbɪˈliːvəbl/,难以置信的,4,高频|六级,The story is unbelievable.
uncertain,adj,/ʌnˈsɜːrtn/,不确定的,4,高频|六级,The future is uncertain.
uncle,n,/ˈʌŋkl/,叔叔,1,高频|高考,My uncle is a doctor.
uncomfortable,adj,/ʌnˈkʌmfətəbl/,不舒服的,3,高频|四级,The chair is uncomfortable.
uncommon,adj,/ʌnˈkɒmən/,不寻常的,4,高频|六级,It's an uncommon name.
unconscious,adj,/ʌnˈkɒnʃəs/,无意识的,4,高频|六级,He was unconscious after the fall.
uncover,v,/ʌnˈkʌvər/,揭露,5,高频|六级,Uncover the truth.
under,prep/adv,/ˈʌndər/,在...下面,1,高频|高考,Under the table.
underdeveloped,adj,/ˌʌndərˈdɪvələpt/,不发达的,5,高频|六级,The country is underdeveloped.
undergo,v,/ˌʌndərˈɡoʊ/,经历,4,高频|六级,He underwent surgery.
undergraduate,n,/ˌʌndərˈɡrædʒuət/,本科生,4,高频|六级,She is an undergraduate student.
underground,adj/adv,/ˈʌndərɡraʊnd/,地下的,3,高频|四级,Take the underground train.
underline,v,/ˌʌndərˈlaɪn/,强调,4,高频|六级,Underline the important words.
underlying,adj,/ˌʌndərˈlaɪɪŋ/,潜在的,5,高频|六级|雅思,The underlying cause is unclear.
underneath,prep,/ˌʌndərˈniːθ/,在...下面,4,高频|六级,Underneath the surface.
underprivileged,adj,/ˌʌndərˈprɪvəlɪdʒd/,贫困的,5,高频|六级,Help the underprivileged.
understand,v,/ˌʌndərˈstænd/,理解,1,高频|高考,I understand you.
understanding,n,/ˌʌndərˈstændɪŋ/,理解,3,高频|四级,Mutual understanding is important.
undertake,v,/ˌʌndərˈteɪk/,承担,5,高频|六级,He undertook the project.
underwater,adj/adv,/ˌʌndərˈwɔːtər/,水下的,3,高频|四级,Swim underwater.
underway,adj,/ˈʌndərweɪ/,进行中的,4,高频|六级,The project is underway.
underwear,n,/ˈʌndərweər/,内衣,3,高频|四级,Wear clean underwear.
undo,v,/ʌnˈduː/,撤销,4,高频|六级,Undo the knot.
undoubtedly,adv,/ʌnˈdaʊtɪdli/,无疑地,5,高频|六级,She is undoubtedly the best.
uneasy,adj,/ʌnˈiːzi/,不安的,4,高频|六级,Feel uneasy about the situation.
unemployed,adj,/ˌʌnɪmˈplɔɪd/,失业的,4,高频|六级,He has been unemployed for months.
unemployment,n,/ˌʌnɪmˈplɔɪmənt/,失业,4,高频|六级,Unemployment is rising.
unequal,adj,/ʌnˈiːkwəl/,不平等的,5,高频|六级,Inequality is widespread.
unexpected,adj,/ˌʌnɪkˈspektɪd/,意外的,4,高频|六级,The news was unexpected.
unfair,adj,/ʌnˈfeər/,不公平的,3,高频|四级,Don't be unfair.
unfamiliar,adj,/ˌʌnfəˈmɪliər/,不熟悉的,4,高频|六级,The place is unfamiliar to me.
unfavorable,adj,/ʌnˈfeɪvərəbl/,不利的,5,高频|六级,The conditions are unfavorable.
unfit,adj,/ʌnˈfɪt/,不适合的,4,高频|六级,He is unfit for the job.
unfold,v,/ʌnˈfoʊld/,展开,4,高频|六级,The story unfolded slowly.
unfortunate,adj,/ʌnˈfɔːrtʃənət/,不幸的,4,高频|六级,It was an unfortunate accident.
unfortunately,adv,/ʌnˈfɔːrtʃənətli/,不幸地、不幸地,3,高频,Unfortunately  I can't come.
unfriendly,adj,/ʌnˈfrendli/,不友好的,4,高频|六级,He was unfriendly to us.
unhappy,adj,/ʌnˈhæpi/,不高兴的,2,高频|四级,She is unhappy with her job.
unhealthy,adj,/ʌnˈhelθi/,不健康的,3,高频|四级,Fast food is unhealthy.
unhurt,adj,/ʌnˈhɜːrt/,未受伤的,4,高频|六级,He escaped unhurt.
uniform,n/adj,/ˈjuːnɪfɔːrm/,制服,3,高频|四级,The students wear uniforms.
unify,v,/ˈjuːnɪfaɪ/,统一,5,高频|六级,Unify the country.
unimportant,adj,/ˌʌnɪmˈpɔːrtənt/,不重要的,4,高频|六级,Don't worry about unimportant things.
uninhabited,adj,/ˌʌnɪnˈhæbɪtɪd/,无人居住的,5,高频|六级,The island is uninhabited.
union,n,/ˈjuːniən/,联盟、联盟、工会,4,高频|六级,Join the union.
unique,adj,/juˈniːk/,独特的,4,高频|六级,She has a unique style.
unit,n,/ˈjuːnɪt/,单位,3,高频|四级,A unit of measurement.
unite,v,/juˈnaɪt/,团结,3,高频|四级,Unite against the enemy.
unity,n,/ˈjuːnəti/,团结,4,高频|六级,National unity is important.
universal,adj,/ˌjuːnɪˈvɜːrsl/,普遍的,5,高频|六级,Love is universal.
universe,n,/ˈjuːnɪvɜːrs/,宇宙,4,高频|六级,The universe is vast.
university,n,/ˌjuːnɪˈvɜːrsəti/,大学,1,高频|高考,She studies at the university.
unknown,adj,/ʌnˈnoʊn/,未知的,4,高频|六级,The reason is unknown.
unlawful,adj,/ʌnˈlɔːfl/,非法的,5,高频|六级,The act is unlawful.
unless,conj,/ənˈles/,除非、除非,2,高频,Unless it rains  we will go.
unlike,prep/adj,/ʌnˈlaɪk/,不像、不像,3,高频,Unlike her sister  she is quiet.
unlikely,adj,/ʌnˈlaɪkli/,不太可能的,4,高频|六级,It is unlikely to happen.
unlimited,adj,/ʌnˈlɪmɪtɪd/,无限的,4,高频|六级,We have unlimited resources.
unload,v,/ʌnˈloʊd/,卸货,4,高频|六级,Unload the truck.
unlock,v,/ʌnˈlɒk/,开锁,3,高频|四级,Unlock the door.
unlucky,adj,/ʌnˈlʌki/,不幸的,3,高频|四级,She is unlucky in love.
unnecessary,adj,/ʌnˈnesəseri/,不必要的,4,高频|六级,Don't be unnecessary.
unpaid,adj,/ʌnˈpeɪd/,未付的,4,高频|六级,The bill is unpaid.
unpleasant,adj,/ʌnˈpleznt/,不愉快的,4,高频|六级,The smell is unpleasant.
unpopular,adj,/ʌnˈpɒpjələr/,不受欢迎的,4,高频|六级,The policy is unpopular.
unprecedented,adj,/ʌnˈpresɪdentɪd/,前所未有的,5,高频|六级|雅思,An unprecedented event.
unpredictable,adj,/ˌʌnprɪˈdɪktəbl/,不可预测的,5,高频|六级,The weather is unpredictable.
unreasonable,adj,/ʌnˈriːznəbl/,不合理的,4,高频|六级,The price is unreasonable.
unrelated,adj,/ˌʌnrɪˈleɪtɪd/,无关的,4,高频|六级,The two events are unrelated.
unreliable,adj,/ˌʌnrɪˈlaɪəbl/,不可靠的,4,高频|六级,He is unreliable.
unrest,n,/ʌnˈrest/,动荡,5,高频|六级,Political unrest is growing.
unsafe,adj,/ʌnˈseɪf/,不安全的,4,高频|六级,The area is unsafe at night.
unsatisfactory,adj,/ˌʌnsætɪsˈfæktəri/,不令人满意的,5,高频|六级,The result is unsatisfactory.
unstable,adj,/ʌnˈsteɪbl/,不稳定的,4,高频|六级,The economy is unstable.
unsuccessful,adj,/ˌʌnsəkˈsesfl/,不成功的,4,高频|六级,The attempt was unsuccessful.
unsuitable,adj,/ʌnˈsuːtəbl/,不合适的,4,高频|六级,The movie is unsuitable for children.
until,prep/conj,/ənˈtɪl/,直到,1,高频|高考,Wait until I come.
unusual,adj,/ʌnˈjuːʒuəl/,不寻常的,3,高频|四级,It's an unusual color.
unwanted,adj,/ʌnˈwɒntɪd/,不需要的,4,高频|六级,He felt unwanted.
unwilling,adj,/ʌnˈwɪlɪŋ/,不愿意的,4,高频|六级,She is unwilling to help.
up,adv/prep,/ʌp/,向上,1,高频|高考,Stand up.
update,v/n,/ʌpˈdeɪt/,更新,3,高频|四级,Update the software.
upgrade,v/n,/ʌpˈɡreɪd/,升级,4,高频|六级,Upgrade your account.
uphold,v,/ʌpˈhoʊld/,支持、支持、维护,5,高频|六级,Uphold the law.
upon,prep,/əˈpɒn/,在...之上,3,高频|四级,Once upon a time.
upper,adj,/ˈʌpər/,上面的,3,高频|四级,The upper floor.
upright,adj/adv,/ˈʌpraɪt/,正直的,4,高频|六级,He is an upright citizen.
uprising,n,/ˈʌpraɪzɪŋ/,起义,5,高频|六级,The uprising was suppressed.
uproar,n,/ˈʌprɔːr/,骚动,5,高频|六级,The announcement caused an uproar.
uproot,v,/ʌpˈruːt/,连根拔起,5,高频|六级,The storm uprooted trees.
upset,adj/v,/ʌpˈset/,沮丧的、沮丧的、打翻,3,高频|四级,Don't be upset.
upstairs,adv,/ˌʌpˈsteərz/,楼上,2,高频|四级,She went upstairs.
up-to-date,adj,/ˌʌp tə ˈdeɪt/,最新的,4,高频|六级,Keep your knowledge up-to-date.
upward,adj/adv,/ˈʌpwərd/,向上的,3,高频|四级,Look upward.
urban,adj,/ˈɜːrbən/,城市的,4,高频|六级,Urban areas are crowded.
urge,v/n,/ɜːrdʒ/,催促,4,高频|六级,I urge you to reconsider.
urgent,adj,/ˈɜːrdʒənt/,紧急的,3,高频|四级,It's an urgent matter.
us,pron,/ʌs/,我们,1,高频|高考,Give us a hand.
usage,n,/ˈjuːsɪdʒ/,使用,4,高频|六级,Read the usage instructions.
use,n/v,/juːz/,使用,1,高频|高考,Use the tool properly.
used,adj/v,/juːst/,用过的、用过的、习惯,1,高频|高考,I'm used to it.
useful,adj,/ˈjuːsfl/,有用的,2,高频|四级,This book is useful.
useless,adj,/ˈjuːsləs/,无用的,3,高频|四级,This tool is useless.
usher,n/v,/ˈʌʃər/,引座员,5,高频|六级,The usher showed us to our seats.
usual,adj,/ˈjuːʒuəl/,通常的,2,高频|四级,Meet at the usual place.
usually,adv,/ˈjuːʒuəli/,通常,1,高频|高考,I usually get up at 7.
utilize,v,/ˈjuːtəlaɪz/,利用,5,高频|六级|雅思,Utilize your time wisely.
utility,n,/juːˈtɪləti/,实用、实用、公用事业,5,高频|六级,Public utilities are important.
utter,adj/v,/ˈʌtər/,完全的、完全的、说出,5,高频|六级,She is an utter fool.
vacant,adj,/ˈveɪkənt/,空的,4,高频|六级,There is a vacant position.
vacation,n,/veɪˈkeɪʃn/,假期,2,高频|四级,We went on vacation.
vaccine,n,/vækˈsiːn/,疫苗,5,高频|六级,Get the vaccine.
vacuum,n/v,/ˈvækjuəm/,真空,5,高频|六级,Vacuum the carpet.
vague,adj,/veɪɡ/,模糊的,4,高频|六级,His answer was vague.
vain,adj,/veɪn/,徒劳的,5,高频|六级,All efforts were in vain.
valid,adj,/ˈvælɪd/,有效的,4,高频|六级,The ticket is valid for a week.
valley,n,/ˈvæli/,山谷,3,高频|四级,The valley is green.
valuable,adj,/ˈvæljuəbl/,贵重的,3,高频|四级,The painting is valuable.
value,n/v,/ˈvæljuː/,价值,2,高频|四级,The value of education.
van,n,/væn/,面包车,3,高频|四级,The van is parked outside.
vanilla,n,/vəˈnɪlə/,香草,3,高频|四级,She likes vanilla ice cream.
vanish,v,/ˈvænɪʃ/,消失,4,高频|六级,The magician vanished.
vapor,n,/ˈveɪpər/,蒸汽,4,高频|六级,Water vapor rises.
variable,adj/n,/ˈveəriəbl/,可变的、可变的、变量,4,高频|六级,The weather is variable.
variation,n,/ˌveəriˈeɪʃn/,变化,4,高频|六级,There are regional variations.
varied,adj,/ˈveərid/,多样的,4,高频|六级,She has varied interests.
variety,n,/vəˈraɪəti/,多样性,3,高频|四级,A variety of options.
various,adj,/ˈveəriəs/,各种各样的,3,高频|四级,Various reasons.
vary,v,/ˈveəri/,变化,4,高频|六级,Opinions vary.
vast,adj,/vɑːst/,广阔的,4,高频|六级,The desert is vast.
vegetable,n,/ˈvedʒtəbl/,蔬菜,2,高频|四级,Eat more vegetables.
vegetarian,n/adj,/ˌvedʒəˈteəriən/,素食者,4,高频|六级,She is a vegetarian.
vegetation,n,/ˌvedʒəˈteɪʃn/,植被,5,高频|六级,The vegetation is dense.
vehicle,n,/ˈviːəkl/,车辆,3,高频|四级,The vehicle is fast.
veil,n/v,/veɪl/,面纱,4,高频|六级,She lifted her veil.
vein,n,/veɪn/,静脉,5,高频|六级,Blood flows in the veins.
velvet,n,/ˈvelvɪt/,天鹅绒,4,高频|六级,The dress is made of velvet.
vendor,n,/ˈvendər/,小贩,5,高频|六级,The vendor sold flowers.
venture,n/v,/ˈventʃər/,冒险,4,高频|六级,He started a new venture.
verb,n,/vɜːrb/,动词,3,高频|四级,Identify the verb.
verbal,adj,/ˈvɜːrbəl/,口头的,4,高频|六级,Give verbal instructions.
verge,n/v,/vɜːrdʒ/,边缘,5,高频|六级,She was on the verge of tears.
verify,v,/ˈverɪfaɪ/,核实,5,高频|六级,Verify the information.
verse,n,/vɜːrs/,诗,4,高频|六级,He wrote a verse.
version,n,/ˈvɜːrʒn/,版本,4,高频|六级,This is the latest version.
versus,prep,/ˈvɜːrsəs/,对,5,高频|六级,It's a match versus the champions.
vertical,adj,/ˈvɜːrtɪkl/,垂直的,4,高频|六级,The wall is vertical.
very,adv,/ˈveri/,非常,1,高频|高考,Very good!
vessel,n,/ˈvesl/,船只、船只、容器,5,高频|六级,The vessel is huge.
vet,n/v,/vet/,兽医、兽医、审查,4,高频|六级,Take the dog to the vet.
veteran,n,/ˈvetərən/,老兵,4,高频|六级,The veteran was honored.
via,prep,/ˈvaɪə/,通过,4,高频|六级,Send it via email.
vibrate,v,/vaɪˈbreɪt/,振动,4,高频|六级,The phone vibrates.
vice,n,/vaɪs/,恶习,5,高频|六级,He has many vices.
vicious,adj,/ˈvɪʃəs/,恶毒的,5,高频|六级,The dog is vicious.
victim,n,/ˈvɪktɪm/,受害者,4,高频|六级,The victim was rescued.
victor,n,/ˈvɪktər/,胜利者,5,高频|六级,The victor celebrated.
victory,n,/ˈvɪktəri/,胜利,3,高频|四级,We won the victory.
video,n/v,/ˈvɪdioʊ/,视频,1,高频|高考,Watch the video.
view,n/v,/vjuː/,看法、看法,3,高频,In my view  it's correct.
viewer,n,/ˈvjuːər/,观众,4,高频|六级,The viewers gave feedback.
viewpoint,n,/ˈvjuːpɔɪnt/,观点,4,高频|六级,From this viewpoint...
vigorous,adj,/ˈvɪɡərəs/,精力充沛的,5,高频|六级,He is a vigorous old man.
village,n,/ˈvɪlɪdʒ/,村庄,2,高频|四级,The village is peaceful.
villager,n,/ˈvɪlɪdʒər/,村民,3,高频|四级,The villagers are friendly.
vine,n,/vaɪn/,藤,3,高频|四级,Grapes grow on vines.
vinegar,n,/ˈvɪnɪɡər/,醋,3,高频|四级,Add vinegar to the salad.
violate,v,/ˈvaɪəleɪt/,违反,5,高频|六级,Violate the rule.
violation,n,/ˌvaɪəˈleɪʃn/,违反,5,高频|六级,This is a violation of the law.
violence,n,/ˈvaɪələns/,暴力,4,高频|六级,Violence is not the answer.
violent,adj,/ˈvaɪələnt/,暴力的,4,高频|六级,The storm was violent.
violet,n/adj,/ˈvaɪələt/,紫罗兰,3,高频|四级,Violet is her favorite color.
violin,n,/ˌvaɪəˈlɪn/,小提琴,3,高频|四级,She plays the violin.
virgin,n/adj,/ˈvɜːrdʒɪn/,处女,4,高频|六级,The virgin forest is untouched.
virtual,adj,/ˈvɜːrtʃuəl/,虚拟的,4,高频|六级,Virtual reality is popular.
virtue,n,/ˈvɜːrtʃuː/,美德,5,高频|六级,Patience is a virtue.
virus,n,/ˈvaɪrəs/,病毒,4,高频|六级,The virus is spreading.
visa,n,/ˈviːzə/,签证,3,高频|四级|旅行,Apply for a visa.
visible,adj,/ˈvɪzəbl/,可见的,3,高频|四级,The stars are visible.
vision,n,/ˈvɪʒn/,视力、视力、愿景,4,高频|六级,She has a clear vision.
visit,n/v,/ˈvɪzɪt/,访问,1,高频|高考,Visit us soon.
visitor,n,/ˈvɪzɪtər/,访客,3,高频|四级,The visitors arrived.
visual,adj,/ˈvɪʒuəl/,视觉的,4,高频|六级,The visual effects are good.
vital,adj,/ˈvaɪtl/,至关重要的,4,高频|六级|雅思,Water is vital for life.
vitamin,n,/ˈvaɪtəmɪn/,维生素,4,高频|六级,Take your vitamins.
vivid,adj,/ˈvɪvɪd/,生动的,4,高频|六级,She has vivid memories.
vocabulary,n,/voʊˈkæbjəleri/,词汇,3,高频|四级,Build your vocabulary.
vocal,adj,/ˈvoʊkl/,声音的,4,高频|六级,She is a vocal critic.
voice,n/v,/vɔɪs/,声音,2,高频|四级,She has a beautiful voice.
void,adj/n,/vɔɪd/,空的,4,高频|六级,The contract is void.
volcano,n,/vɒlˈkeɪnoʊ/,火山,4,高频|六级,The volcano erupted.
volume,n,/ˈvɒljuːm/,音量、音量、体积,3,高频|四级,Turn down the volume.
voluntary,adj,/ˈvɒləntəri/,自愿的,4,高频|六级,Participation is voluntary.
volunteer,n/v,/ˌvɒlənˈtɪər/,志愿者,4,高频|六级,She is a volunteer.
vote,n/v,/voʊt/,投票,3,高频|四级,Cast your vote.
voter,n,/ˈvoʊtər/,选民,4,高频|六级,Voters went to the polls.
voucher,n,/ˈvaʊtʃər/,代金券,4,高频|六级|商务,Use the voucher for a discount.
vow,n/v,/vaʊ/,誓言,4,高频|六级,They made a vow.
voyage,n,/ˈvɔɪɪdʒ/,航行,4,高频|六级|旅行,They went on a long voyage.
vulnerable,adj,/ˈvʌlnərəbl/,脆弱的,5,高频|六级|雅思,Children are vulnerable.
wage,n/v,/weɪdʒ/,工资,4,高频|六级|商务,The wage is low.
wagon,n,/ˈwæɡən/,马车,4,高频|六级,The wagon was loaded with goods.
waist,n,/weɪst/,腰,3,高频|四级,She has a small waist.
wait,v/n,/weɪt/,等待,1,高频|高考,Wait for me.
waiter,n,/ˈweɪtər/,服务员,2,高频|四级,Call the waiter.
waiting,adj,/ˈweɪtɪŋ/,等待的,2,高频|四级,The waiting room is full.
waitress,n,/ˈweɪtrəs/,女服务员,2,高频|四级,The waitress brought the menu.
wake,v,/weɪk/,醒来,1,高频|高考,I wake up early.
walk,n/v,/wɔːk/,走路,1,高频|高考,Let's take a walk.
wall,n/v,/wɔːl/,墙,1,高频|高考,Paint the wall.
wallet,n,/ˈwɒlɪt/,钱包,2,高频|四级,He lost his wallet.
walnut,n,/ˈwɔːlnʌt/,核桃,3,高频|四级,She likes walnuts.
wander,v,/ˈwɒndər/,漫步,4,高频|六级,We wandered through the streets.
want,v,/wɒnt/,想要,1,高频|高考,I want to go home.
war,n,/wɔːr/,战争,3,高频|四级,The war ended.
ward,n,/wɔːrd/,病房,4,高频|六级,The patient is in the ward.
warden,n,/ˈwɔːrdn/,看守人,5,高频|六级,The warden checked the cells.
wardrobe,n,/ˈwɔːrdroʊb/,衣柜,3,高频|四级,She has a large wardrobe.
warehouse,n,/ˈweərhaʊs/,仓库,4,高频|六级,The goods are in the warehouse.
warfare,n,/ˈwɔːrfeər/,战争,5,高频|六级,Modern warfare is different.
warm,adj/v,/wɔːrm/,温暖的,2,高频|四级,The soup is warm.
warmth,n,/wɔːrmθ/,温暖,3,高频|四级,The warmth of the sun.
warn,v,/wɔːrn/,警告,3,高频|四级,He warned me of the danger.
warning,n,/ˈwɔːrnɪŋ/,警告,3,高频|四级,Heed the warning.
warrant,n/v,/ˈwɒrənt/,正当理由,5,高频|六级,There is no warrant for concern.
warrior,n,/ˈwɒriər/,战士,5,高频|六级,The warrior was brave.
wash,v/n,/wɒʃ/,洗,1,高频|高考,Wash your hands.
washer,n,/ˈwɒʃər/,洗衣机,3,高频|四级,The washer is broken.
washing,n,/ˈwɒʃɪŋ/,洗涤,2,高频|四级,Do the washing.
wasp,n,/wɒsp/,黄蜂,4,高频|六级,The wasp stung me.
waste,n/v/adj,/weɪst/,浪费,3,高频|四级,Don't waste food.
watch,v/n,/wɒtʃ/,观看、观看、手表,1,高频|高考,Watch the movie.
water,n/v,/ˈwɔːtər/,水,1,高频|高考,Drink water.
waterfall,n,/ˈwɔːtərfɔːl/,瀑布,3,高频|四级,The waterfall is beautiful.
watermelon,n,/ˈwɔːtərmelən/,西瓜,3,高频|四级,Slice the watermelon.
waterproof,adj,/ˈwɔːtərpruːf/,防水的,4,高频|六级,The jacket is waterproof.
waterway,n,/ˈwɔːtərweɪ/,水路,5,高频|六级,The waterway is busy.
wave,n/v,/weɪv/,波浪、波浪、挥手,3,高频|四级,Wave at the camera.
wax,n/v,/wæks/,蜡,4,高频|六级,The candle is made of wax.
way,n,/weɪ/,方式,1,高频|高考,This is the way.
we,pron,/wiː/,我们,1,高频|高考,We are friends.
weak,adj,/wiːk/,虚弱的,2,高频|四级,He feels weak.
weaken,v,/ˈwiːkən/,削弱,4,高频|六级,The disease weakened him.
weakness,n,/ˈwiːknəs/,弱点,4,高频|六级,Everyone has weaknesses.
wealth,n,/welθ/,财富,4,高频|六级,Health is wealth.
wealthy,adj,/ˈwelθi/,富有的,4,高频|六级,He comes from a wealthy family.
weapon,n,/ˈwepən/,武器,4,高频|六级,The weapon is dangerous.
wear,v,/weər/,穿,1,高频|高考,Wear a jacket.
weary,adj,/ˈwɪəri/,疲倦的,5,高频|六级,She looked weary.
weather,n,/ˈweðər/,天气,1,高频|高考,The weather is nice.
weave,v,/wiːv/,编织,4,高频|六级,She weaves beautiful baskets.
wedding,n,/ˈwedɪŋ/,婚礼,3,高频|四级,The wedding was beautiful.
Wednesday,n,/ˈwenzdeɪ/,星期三,1,高频|高考,Today is Wednesday.
weed,n/v,/wiːd/,杂草,3,高频|四级,Remove the weeds.
week,n,/wiːk/,周,1,高频|高考,See you next week.
weekday,n,/ˈwiːkdeɪ/,工作日,2,高频|四级,We work on weekdays.
weekend,n,/ˈwiːkend/,周末,1,高频|高考,Have a nice weekend.
weekly,adj/adv,/ˈwiːkli/,每周的,3,高频|四级,We have weekly meetings.
weep,v,/wiːp/,哭泣,4,高频|六级,She wept for joy.
weigh,v,/weɪ/,称重,3,高频|四级,Weigh the package.
weight,n,/weɪt/,重量,3,高频|四级,Lose some weight.
welcome,v/n/adj,/ˈwelkəm/,欢迎,1,高频|高考,Welcome to China!
weld,v,/weld/,焊接,5,高频|六级,Weld the metal pieces.
welfare,n,/ˈwelfeər/,福利,4,高频|六级,Social welfare is important.
well,adv/adj/n,/wel/,好,1,高频|高考,She sings well.
west,n/adj,/west/,西方,2,高频|四级,The sun sets in the west.
western,adj,/ˈwestərn/,西方的,3,高频|四级,Western culture.
wet,adj/v,/wet/,湿的,2,高频|四级,The clothes are wet.
whale,n,/weɪl/,鲸鱼,3,高频|四级,The whale is huge.
what,pron/adj,/wɒt/,什么,1,高频|高考,What is this?
whatever,pron/adj,/wɒtˈevər/,无论什么,3,高频|四级,Whatever you want.
wheat,n,/wiːt/,小麦,3,高频|四级,Wheat grows in the field.
wheel,n/v,/wiːl/,轮子,2,高频|四级,The wheel is round.
wheelchair,n,/ˈwiːltʃeər/,轮椅,4,高频|六级,He uses a wheelchair.
when,adv/conj,/wen/,什么时候,1,高频|高考,When did you come?
whenever,conj,/wenˈevər/,每当,3,高频|四级,Come whenever you like.
where,adv,/weər/,哪里,1,高频|高考,Where are you?
whereabouts,n,/ˈweərəbaʊts/,下落,5,高频|六级,His whereabouts are unknown.
whereas,conj,/weərˈæz/,然而、然而,4,高频,She is happy  whereas he is sad.
whereby,adv,/weərˈbaɪ/,凭此,5,高频|六级,The system whereby we work.
wherever,adv,/weərˈevər/,无论哪里,3,高频|四级,Wherever you go.
whether,conj,/ˈweðər/,是否,2,高频|四级,I don't know whether to go.
which,pron/adj,/wɪtʃ/,哪一个,1,高频|高考,Which book do you want?
whichever,pron,/wɪtʃˈevər/,无论哪个,4,高频|六级,Choose whichever you like.
while,n/conj,/waɪl/,一会儿,1,高频|高考,Wait a while.
whip,n/v,/wɪp/,鞭子、鞭子、鞭打,4,高频|六级,The wind whipped the trees.
whirl,v/n,/wɜːrl/,旋转,5,高频|六级,The leaves whirled in the wind.
whisper,v/n,/ˈwɪspər/,低语,3,高频|四级,She whispered in my ear.
whistle,n/v,/ˈwɪsl/,口哨,3,高频|四级,He whistled a tune.
white,adj/n,/waɪt/,白色的,1,高频|高考,The wall is white.
who,pron,/huː/,谁,1,高频|高考,Who is that?
whoever,pron,/huːˈevər/,无论谁,3,高频|四级,Whoever wins will be celebrated.
whole,adj/n,/hoʊl/,整个的,2,高频|四级,The whole world.
wholly,adv,/ˈhoʊlli/,完全地,5,高频|六级,I'm wholly convinced.
whom,pron,/huːm/,谁(宾格),3,高频|四级,To whom did you speak?
whose,pron,/huːz/,谁的,2,高频|四级,Whose book is this?
why,adv,/waɪ/,为什么,1,高频|高考,Why did you do that?
wicked,adj,/ˈwɪkɪd/,邪恶的,5,高频|六级,The wicked witch.
wide,adj,/waɪd/,宽的,2,高频|四级,The road is wide.
widen,v,/ˈwaɪdn/,加宽,4,高频|六级,Widen the road.
widespread,adj,/ˈwaɪdspred/,广泛的,5,高频|六级,The disease is widespread.
widow,n,/ˈwɪdoʊ/,寡妇,4,高频|六级,She is a widow.
width,n,/wɪdθ/,宽度,4,高频|六级,Measure the width.
wife,n,/waɪf/,妻子,1,高频|高考,His wife is a doctor.
wig,n,/wɪɡ/,假发,4,高频|六级,She wears a wig.
wild,adj,/waɪld/,野生的,3,高频|四级,Wild animals live in the forest.
wildlife,n,/ˈwaɪldlaɪf/,野生动物,4,高频|六级,Protect the wildlife.
will,v/aux/n,/wɪl/,将,1,高频|高考,Will you come?
willing,adj,/ˈwɪlɪŋ/,愿意的,3,高频|四级,She is willing to help.
win,v/n,/wɪn/,赢,1,高频|高考,We won the game.
wind,n/v,/wɪnd/,风,2,高频|四级,The wind is strong.
windmill,n,/ˈwɪndmɪl/,风车,4,高频|六级,The windmill turned slowly.
window,n,/ˈwɪndoʊ/,窗户,1,高频|高考,Open the window.
wine,n/v,/waɪn/,葡萄酒,2,高频|四级,Drink some wine.
wing,n,v,/wɪŋ/、/wɪŋ/、翅膀,3,高频|四级,The bird spread its wings.
wink,v/n,/wɪŋk/,眨眼,4,高频|六级,He winked at me.
winner,n,/ˈwɪnər/,获胜者,3,高频|四级,The winner gets a prize.
winter,n,/ˈwɪntər/,冬天,1,高频|高考,It's cold in winter.
wipe,v,/waɪp/,擦,3,高频|四级,Wipe the table clean.
wire,n/v,/ˈwaɪər/,电线,3,高频|四级,Connect the wire.
wireless,adj,/ˈwaɪərləs/,无线的,4,高频|六级,Wireless technology.
wisdom,n,/ˈwɪzdəm/,智慧,4,高频|六级,He is a man of wisdom.
wise,adj,/waɪz/,聪明的,3,高频|四级,That is a wise choice.
wish,n/v,/wɪʃ/,希望,2,高频|四级,I wish you good luck.
wit,n,/wɪt/,机智,5,高频|六级,He is known for his wit.
witch,n,/wɪtʃ/,女巫,3,高频|四级,The witch cast a spell.
with,prep,/wɪð/,和,1,高频|高考,Come with me.
withdraw,v,/wɪðˈdrɔː/,撤回,4,高频|六级,Withdraw money from the bank.
wither,v,/ˈwɪðər/,枯萎,5,高频|六级,The flowers withered.
withhold,v,/wɪðˈhoʊld/,扣留,5,高频|六级,Withhold the information.
within,prep,/wɪˈðɪn/,在...之内,3,高频|四级,Within an hour.
without,prep,/wɪˈðaʊt/,没有、没有,1,高频,Without water  we die.
withstand,v,/wɪðˈstænd/,抵抗,5,高频|六级,Withstand the pressure.
witness,n/v,/ˈwɪtnəs/,目击者,4,高频|六级,She was a witness to the accident.
witty,adj,/ˈwɪti/,机智的,5,高频|六级,He is a witty speaker.
wizard,n,/ˈwɪzərd/,巫师,4,高频|六级,The wizard cast a spell.
woe,n,/woʊ/,悲哀,5,高频|六级,She told a tale of woe.
wolf,n,/wʊlf/,狼,3,高频|四级,The wolf howled.
woman,n,/ˈwʊmən/,女人,1,高频|高考,She is a strong woman.
wonder,n/v,/ˈwʌndər/,奇迹、奇迹、想知道,2,高频|四级,It's a wonder he survived.
wonderful,adj,/ˈwʌndərfl/,极好的,2,高频|四级,We had a wonderful time.
wood,n,/wʊd/,木头,2,高频|四级,The chair is made of wood.
wooden,adj,/ˈwʊdn/,木制的,3,高频|四级,The box is wooden.
wool,n,/wʊl/,羊毛,3,高频|四级,The sweater is made of wool.
word,n/v,/wɜːrd/,单词,1,高频|高考,What does this word mean?
work,n/v,/wɜːrk/,工作,1,高频|高考,Go to work.
worker,n,/ˈwɜːrkər/,工人,2,高频|四级,The workers are on strike.
workforce,n,/ˈwɜːrkfɔːrs/,劳动力,4,高频|六级|商务,The workforce is skilled.
working,adj,/ˈwɜːrkɪŋ/,工作的,2,高频|四级,She has a working knowledge of French.
workman,n,/ˈwɜːrkmən/,工匠,4,高频|六级,The workman is skilled.
workout,n,/ˈwɜːrkaʊt/,锻炼,3,高频|四级,Do a daily workout.
workplace,n,/ˈwɜːrkpleɪs/,工作场所,4,高频|六级,The workplace is friendly.
workshop,n,/ˈwɜːrkʃɒp/,研讨会,4,高频|六级,Attend the workshop.
world,n,/wɜːrld/,世界,1,高频|高考,Travel around the world.
worldwide,adj/adv,/ˌwɜːrldˈwaɪd/,全世界的,3,高频|四级,The product is sold worldwide.
worm,n,v,/wɜːrm/、/wɜːrm/、虫,3,高频|四级,The worm crawled.
worn,adj,/wɔːrn/,用旧的,3,高频|四级,The book is worn.
worried,adj,/ˈwʌrid/,担心的,2,高频|四级,Don't be worried.
worry,n/v,/ˈwʌri/,担心,2,高频|四级,Don't worry.
worse,adj/adv,/wɜːrs/,更糟,2,高频|四级,The weather got worse.
worship,n/v,/ˈwɜːrʃɪp/,崇拜,4,高频|六级,They worship at the temple.
worst,adj/n,/wɜːrst/,最坏的,2,高频|四级,The worst is over.
worth,adj/n,/wɜːrθ/,值得,2,高频|四级,The book is worth reading.
worthless,adj,/ˈwɜːrθləs/,无价值的,4,高频|六级,Don't feel worthless.
worthwhile,adj,/ˌwɜːrθˈwaɪl/,值得的,4,高频|六级,It's a worthwhile effort.
worthy,adj,/ˈwɜːrði/,值得的,4,高频|六级,He is a worthy opponent.
would,v/aux,/wʊd/,会,1,高频|高考,Would you like tea?
wound,n/v,/wuːnd/,伤口,3,高频|四级,He has a deep wound.
wow,int/v,/waʊ/,哇、哇,2,高频,Wow  that's amazing!
wrap,v/ræp/,/ræp/,包裹,3,高频|四级,Wrap the gift.
wrapper,n,/ˈræpər/,包装纸,3,高频|四级,Throw away the wrapper.
wrath,n,/ræθ/,愤怒,5,高频|六级,The wrath of the people.
wreath,n,/riːθ/,花圈,4,高频|六级,They laid a wreath at the memorial.
wreck,n/v,/rek/,残骸,4,高频|六级,The car was a wreck.
wrench,n/v,/rentʃ/,扳手,4,高频|六级,Use a wrench to tighten the bolt.
wrestle,v,/ˈresl/,摔跤,4,高频|六级,He wrestled with the problem.
wretch,n,/retʃ/,可怜的人,5,高频|六级,The poor wretch.
wretched,adj,/ˈretʃɪd/,悲惨的,5,高频|六级,He lives in wretched conditions.
wring,v,/rɪŋ/,拧,5,高频|六级,Wring out the wet clothes.
wrinkle,n/v,/ˈrɪŋkl/,皱纹,4,高频|六级,She has wrinkles around her eyes.
wrist,n,/rɪst/,手腕,3,高频|四级,He hurt his wrist.
write,v,/raɪt/,写,1,高频|高考,Write a letter.
writer,n,/ˈraɪtər/,作者,3,高频|四级,She is a famous writer.
writing,n,/ˈraɪtɪŋ/,写作,2,高频|四级,Practice writing every day.
wrong,adj/adv/n,/rɒŋ/,错误的,1,高频|高考,The answer is wrong.
X-ray,n,/ˈeks reɪ/,X射线,4,高频|六级,The X-ray showed no fractures.
yacht,n,/jɒt/,游艇,5,高频|六级,They sailed on a yacht.
yam,n,/jæm/,山药,3,高频|四级,She baked a yam.
yard,n,/jɑːrd/,院子,2,高频|四级,The yard is green.
yarn,n,/jɑːrn/,纱,3,高频|四级,She knit with yarn.
yawn,v/n,/jɔːn/,打哈欠,3,高频|四级,He yawned loudly.
yeah,adv,/jeə/,是的、是的,1,高频,Yeah  I agree.
year,n,/jɪər/,年,1,高频|高考,Happy New Year!
yearly,adj/adv,/ˈjɪərli/,每年的,3,高频|四级,We have a yearly meeting.
yearn,v,/jɜːrn/,渴望,5,高频|六级,She yearned for home.
yell,v/n,/jel/,叫喊,3,高频|四级,Don't yell at me.
yellow,adj/n,/ˈjeloʊ/,黄色的,1,高频|高考,The sun is yellow.
yes,adv,/jes/,是的、是的,1,高频,Yes  I will.
yesterday,adv/n,/ˈjestərdeɪ/,昨天,1,高频|高考,See you yesterday?
yet,adv,/jet/,还,1,高频|高考,He hasn't come yet.
yield,v/n,/jiːld/,产生,4,高频|六级,The investment yields high returns.
yoga,n,/ˈjoʊɡə/,瑜伽,3,高频|四级,She practices yoga every day.
yogurt,n,/ˈjɒɡərt/,酸奶,3,高频|四级,Eat yogurt for breakfast.
yolk,n,/joʊk/,蛋黄,3,高频|四级,The yolk is yellow.
you,pron,/juː/,你,1,高频|高考,You are kind.
young,adj,/jʌŋ/,年轻的,1,高频|高考,She is a young girl.
your,pron,/jɔːr/,你的,1,高频|高考,Your book is here.
yours,pron,/jɔːrz/,你的,1,高频|高考,This is yours.
yourself,pron,/jɔːrˈself/,你自己,1,高频|高考,Take care of yourself.
youth,n,/juːθ/,青春、青春、年轻人,3,高频|四级,Youth is precious.
zeal,n,/ziːl/,热情,5,高频|六级,He works with zeal.
zealous,adj,/ˈzeləs/,热心的,5,高频|六级,She is a zealous supporter.
zebra,n,/ˈziːbrə/,斑马,3,高频|四级,The zebra has stripes.
zero,n/num,/ˈzɪəroʊ/,零,1,高频|高考,Zero is nothing.
zigzag,n/v,/ˈzɪɡzæɡ/,之字形,4,高频|六级,The road zigzagged up the mountain.
zinc,n,/zɪŋk/,锌,5,高频|六级,Zinc is a metal.
zip,n/v,/zɪp/,拉链,3,高频|四级,Zip up your jacket.
zipper,n,/ˈzɪpər/,拉链,3,高频|四级,The zipper is broken.
zone,n,/zoʊn/,区域,4,高频|六级,This is a no-parking zone.
zoo,n,/zuː/,动物园,1,高频|高考,Let's go to the zoo.
zoology,n,/zoʊˈɒlədʒi/,动物学,5,高频|六级,She studies zoology.
zoom,v/zuːm/,/zuːm/,急速上升,3,高频|四级,The car zoomed past.
